[{"id":"user-image-32cea42d25b562a30f7bcdb6d7d8d5b5.jpg","publicUrl":"np://user.desktop.nicepage.com/Site_2989818455/images/32cea42d25b562a30f7bcdb6d7d8d5b5.jpg","size":400247,"hash":"ry+cOBRLj5nDfpNEFUNplUFaDso=","fileName":"32cea42d25b562a30f7bcdb6d7d8d5b5.jpg","name":"32cea42d25b562a30f7bcdb6d7d8d5b5","width":500,"height":500,"thumbnail":{"url":"np://user.desktop.nicepage.com/Site_2989818455/images/32cea42d25b562a30f7bcdb6d7d8d5b5.jpg","width":250,"height":250},"usages":["133804258"]},{"id":"user-image-43138f0a4f5691cc5c9ab738550e85ec.jpg","publicUrl":"np://user.desktop.nicepage.com/Site_2989818455/images/43138f0a4f5691cc5c9ab738550e85ec.jpg","size":126528,"hash":"2AOQbAH3axizZl+3uZMrtoAY6w0=","fileName":"43138f0a4f5691cc5c9ab738550e85ec.jpg","name":"43138f0a4f5691cc5c9ab738550e85ec","width":960,"height":1280,"thumbnail":{"url":"np://user.desktop.nicepage.com/Site_2989818455/images/thumbnails/43138f0a4f5691cc5c9ab738550e85ec.jpg","width":188,"height":250},"usages":["50804845","285386548"]},{"id":"user-image-e525f94dd0466e1f01a5507784bdbcb1.jpg","publicUrl":"np://user.desktop.nicepage.com/Site_2989818455/images/e525f94dd0466e1f01a5507784bdbcb1.jpg","size":285683,"hash":"Mi+yo7phltTLmYNNlCjiqD1j8go=","fileName":"e525f94dd0466e1f01a5507784bdbcb1.jpg","name":"e525f94dd0466e1f01a5507784bdbcb1","width":1280,"height":960,"thumbnail":{"url":"np://user.desktop.nicepage.com/Site_2989818455/images/thumbnails/e525f94dd0466e1f01a5507784bdbcb1.jpg","width":250,"height":188},"usages":["50804845","79626415"]},{"id":"user-image-214bb92c32d8cfb163db227f3e80cac5.jpg","publicUrl":"np://user.desktop.nicepage.com/Site_2989818455/images/214bb92c32d8cfb163db227f3e80cac5.jpg","size":206778,"hash":"JZXH0Dg1uPSvcYcUq+RPiMtIkeM=","fileName":"214bb92c32d8cfb163db227f3e80cac5.jpg","name":"214bb92c32d8cfb163db227f3e80cac5","width":720,"height":1280,"thumbnail":{"url":"np://user.desktop.nicepage.com/Site_2989818455/images/thumbnails/214bb92c32d8cfb163db227f3e80cac5.jpg","width":141,"height":250},"usages":["285386548"]},{"id":"user-image-photo_2023-01-28_18-51-53.jpg","publicUrl":"np://user.desktop.nicepage.com/Site_2989818455/images/photo_2023-01-28_18-51-53.jpg","size":256315,"hash":"zECea6ElRxHhcbJh5iOmcrOtH5g=","fileName":"photo_2023-01-28_18-51-53.jpg","name":"photo_2023-01-28_18-51-53","width":1280,"height":960,"thumbnail":{"url":"np://user.desktop.nicepage.com/Site_2989818455/images/thumbnails/photo_2023-01-28_18-51-53.jpg","width":250,"height":188},"usages":["285386548"]},{"id":"user-image-photo_2023-01-25_20-38-15.jpg","publicUrl":"np://user.desktop.nicepage.com/Site_2989818455/images/photo_2023-01-25_20-38-15.jpg","size":179514,"hash":"2U5mCe8qjx0m0c3tbbbrdCDhnts=","fileName":"photo_2023-01-25_20-38-15.jpg","name":"photo_2023-01-25_20-38-15","width":1280,"height":960,"thumbnail":{"url":"np://user.desktop.nicepage.com/Site_2989818455/images/thumbnails/photo_2023-01-25_20-38-15.jpg","width":250,"height":188},"usages":["285386548"]},{"id":"user-image-photo_2023-02-06_23-38-34.jpg","publicUrl":"np://user.desktop.nicepage.com/Site_2989818455/images/photo_2023-02-06_23-38-34.jpg","size":98266,"hash":"6/nDcrGnaJLBY1qb0GPSAHIuXtg=","fileName":"photo_2023-02-06_23-38-34.jpg","name":"photo_2023-02-06_23-38-34","width":960,"height":1280,"thumbnail":{"url":"np://user.desktop.nicepage.com/Site_2989818455/images/thumbnails/photo_2023-02-06_23-38-34.jpg","width":188,"height":250},"usages":["285386548"]},{"id":"user-image-photo_2023-01-31_18-31-28.jpg","publicUrl":"np://user.desktop.nicepage.com/Site_2989818455/images/photo_2023-01-31_18-31-28.jpg","size":106197,"hash":"7PCUvV8/IKEnqEDEDM0o3aa7L7w=","fileName":"photo_2023-01-31_18-31-28.jpg","name":"photo_2023-01-31_18-31-28","width":960,"height":1280,"thumbnail":{"url":"np://user.desktop.nicepage.com/Site_2989818455/images/thumbnails/photo_2023-01-31_18-31-28.jpg","width":188,"height":250},"usages":["285386548"]},{"id":"user-image-photo_2023-02-08_08-56-13.jpg","publicUrl":"np://user.desktop.nicepage.com/Site_2989818455/images/photo_2023-02-08_08-56-13.jpg","size":145424,"hash":"cA1hthA8+9snm1ZaqLNWqMiGnuo=","fileName":"photo_2023-02-08_08-56-13.jpg","name":"photo_2023-02-08_08-56-13","width":960,"height":1280,"thumbnail":{"url":"np://user.desktop.nicepage.com/Site_2989818455/images/thumbnails/photo_2023-02-08_08-56-13.jpg","width":188,"height":250},"usages":["285386548"]},{"id":"user-image-photo_2023-02-06_23-38-35.jpg","publicUrl":"np://user.desktop.nicepage.com/Site_2989818455/images/photo_2023-02-06_23-38-35.jpg","size":94062,"hash":"LTjZBFrRW+Nq6digAH00Aev+BmU=","fileName":"photo_2023-02-06_23-38-35.jpg","name":"photo_2023-02-06_23-38-35","width":960,"height":1280,"thumbnail":{"url":"np://user.desktop.nicepage.com/Site_2989818455/images/thumbnails/photo_2023-02-06_23-38-35.jpg","width":188,"height":250},"usages":["285386548"]},{"id":"user-image-photo_2023-02-08_08-56-142.jpg","publicUrl":"np://user.desktop.nicepage.com/Site_2989818455/images/photo_2023-02-08_08-56-142.jpg","size":165058,"hash":"ZbDabc9/vWa6eIriEE85Sz0p6Eo=","fileName":"photo_2023-02-08_08-56-142.jpg","name":"photo_2023-02-08_08-56-142","width":960,"height":1280,"thumbnail":{"url":"np://user.desktop.nicepage.com/Site_2989818455/images/thumbnails/photo_2023-02-08_08-56-142.jpg","width":188,"height":250},"usages":["285386548"]},{"id":"user-image-photo_2023-02-08_08-56-144.jpg","publicUrl":"np://user.desktop.nicepage.com/Site_2989818455/images/photo_2023-02-08_08-56-144.jpg","size":149999,"hash":"R7Vse/bSBpp6MajjeZ+QLo+8tpA=","fileName":"photo_2023-02-08_08-56-144.jpg","name":"photo_2023-02-08_08-56-144","width":960,"height":1280,"thumbnail":{"url":"np://user.desktop.nicepage.com/Site_2989818455/images/thumbnails/photo_2023-02-08_08-56-144.jpg","width":188,"height":250},"usages":["285386548"]},{"id":"user-image-photo_2023-02-08_08-56-145.jpg","publicUrl":"np://user.desktop.nicepage.com/Site_2989818455/images/photo_2023-02-08_08-56-145.jpg","size":94569,"hash":"pAPUoqEGpXmIfQIf2lGDit81AnI=","fileName":"photo_2023-02-08_08-56-145.jpg","name":"photo_2023-02-08_08-56-145","width":960,"height":1280,"thumbnail":{"url":"np://user.desktop.nicepage.com/Site_2989818455/images/thumbnails/photo_2023-02-08_08-56-145.jpg","width":188,"height":250},"usages":["285386548"]},{"id":"user-image-photo_2023-02-08_08-56-147.jpg","publicUrl":"np://user.desktop.nicepage.com/Site_2989818455/images/photo_2023-02-08_08-56-147.jpg","size":146130,"hash":"DxT9y9pN5Ddtx1SqttrAdawy0fU=","fileName":"photo_2023-02-08_08-56-147.jpg","name":"photo_2023-02-08_08-56-147","width":810,"height":1080,"thumbnail":{"url":"np://user.desktop.nicepage.com/Site_2989818455/images/thumbnails/photo_2023-02-08_08-56-147.jpg","width":188,"height":250},"usages":["285386548"]},{"id":"user-image-photo_2023-02-08_08-56-148.jpg","publicUrl":"np://user.desktop.nicepage.com/Site_2989818455/images/photo_2023-02-08_08-56-148.jpg","size":104196,"hash":"ctXUB+dT41xHYn3BV1dfACYVsYA=","fileName":"photo_2023-02-08_08-56-148.jpg","name":"photo_2023-02-08_08-56-148","width":1280,"height":960,"thumbnail":{"url":"np://user.desktop.nicepage.com/Site_2989818455/images/thumbnails/photo_2023-02-08_08-56-148.jpg","width":250,"height":188},"usages":["285386548"]},{"id":"user-image-photo_2023-02-08_08-56-146.jpg","publicUrl":"np://user.desktop.nicepage.com/Site_2989818455/images/photo_2023-02-08_08-56-146.jpg","size":156695,"hash":"NlKrma6/U1BQS1zEycqdy23TiPQ=","fileName":"photo_2023-02-08_08-56-146.jpg","name":"photo_2023-02-08_08-56-146","width":1280,"height":720,"thumbnail":{"url":"np://user.desktop.nicepage.com/Site_2989818455/images/thumbnails/photo_2023-02-08_08-56-146.jpg","width":250,"height":141},"usages":["285386548"]},{"id":"user-image-photo_2023-02-08_08-56-14.jpg","publicUrl":"np://user.desktop.nicepage.com/Site_2989818455/images/photo_2023-02-08_08-56-14.jpg","size":111530,"hash":"ypVsuJDlgeiKhEXUvBFV0hyNqWE=","fileName":"photo_2023-02-08_08-56-14.jpg","name":"photo_2023-02-08_08-56-14","width":960,"height":1280,"thumbnail":{"url":"np://user.desktop.nicepage.com/Site_2989818455/images/thumbnails/photo_2023-02-08_08-56-14.jpg","width":188,"height":250},"usages":["285386548"]},{"id":"user-image-photo_2023-02-08_08-56-143.jpg","publicUrl":"np://user.desktop.nicepage.com/Site_2989818455/images/photo_2023-02-08_08-56-143.jpg","size":166400,"hash":"Zo8viS3DPezA3JNoeoBnJoKsVGs=","fileName":"photo_2023-02-08_08-56-143.jpg","name":"photo_2023-02-08_08-56-143","width":960,"height":1280,"thumbnail":{"url":"np://user.desktop.nicepage.com/Site_2989818455/images/thumbnails/photo_2023-02-08_08-56-143.jpg","width":188,"height":250},"usages":["285386548"]},{"id":"user-image-photo_2023-02-08_13-46-56.jpg","publicUrl":"np://user.desktop.nicepage.com/Site_2989818455/images/photo_2023-02-08_13-46-56.jpg","size":89884,"hash":"MNIN2Pge1K63H0by6Eue57gwNZo=","fileName":"photo_2023-02-08_13-46-56.jpg","name":"photo_2023-02-08_13-46-56","width":961,"height":1280,"thumbnail":{"url":"np://user.desktop.nicepage.com/Site_2989818455/images/thumbnails/photo_2023-02-08_13-46-56.jpg","width":188,"height":250},"usages":["79626415"]},{"id":"user-image-photo_2023-02-08_13-46-57.jpg","publicUrl":"np://user.desktop.nicepage.com/Site_2989818455/images/photo_2023-02-08_13-46-57.jpg","size":313669,"hash":"awt5N8Q3tJ2R/QWmE2NyyuyUgRY=","fileName":"photo_2023-02-08_13-46-57.jpg","name":"photo_2023-02-08_13-46-57","width":960,"height":1280,"thumbnail":{"url":"np://user.desktop.nicepage.com/Site_2989818455/images/thumbnails/photo_2023-02-08_13-46-57.jpg","width":188,"height":250},"usages":["79626415"]},{"id":"user-image-photo_2023-02-08_13-46-563.jpg","publicUrl":"np://user.desktop.nicepage.com/Site_2989818455/images/photo_2023-02-08_13-46-563.jpg","size":239668,"hash":"kX5K5CVeIfaUKVLSD5HpUIg1dpg=","fileName":"photo_2023-02-08_13-46-563.jpg","name":"photo_2023-02-08_13-46-563","width":1280,"height":960,"thumbnail":{"url":"np://user.desktop.nicepage.com/Site_2989818455/images/thumbnails/photo_2023-02-08_13-46-563.jpg","width":250,"height":188},"usages":["79626415"]},{"id":"user-image-photo_2023-02-08_13-46-562.jpg","publicUrl":"np://user.desktop.nicepage.com/Site_2989818455/images/photo_2023-02-08_13-46-562.jpg","size":191039,"hash":"TOGYfCTr387zYzXvUiwCISSBBqY=","fileName":"photo_2023-02-08_13-46-562.jpg","name":"photo_2023-02-08_13-46-562","width":1280,"height":960,"thumbnail":{"url":"np://user.desktop.nicepage.com/Site_2989818455/images/thumbnails/photo_2023-02-08_13-46-562.jpg","width":250,"height":188},"usages":["79626415"]},{"id":"user-image-photo_2023-02-08_13-46-572.jpg","publicUrl":"np://user.desktop.nicepage.com/Site_2989818455/images/photo_2023-02-08_13-46-572.jpg","size":214482,"hash":"R55WX71jlNK3pSpJj5/DWnpMY2g=","fileName":"photo_2023-02-08_13-46-572.jpg","name":"photo_2023-02-08_13-46-572","width":1280,"height":960,"thumbnail":{"url":"np://user.desktop.nicepage.com/Site_2989818455/images/thumbnails/photo_2023-02-08_13-46-572.jpg","width":250,"height":188},"usages":["79626415"]},{"id":"user-image-b4e300929693105d0e6081b287c432a5.png","publicUrl":"np://user.desktop.nicepage.com/Site_2989818455/images/b4e300929693105d0e6081b287c432a5.png","size":1140,"hash":"ctBQi1MuVbbbNkZGUMT7Ari/N60=","fileName":"b4e300929693105d0e6081b287c432a5.png","name":"b4e300929693105d0e6081b287c432a5","width":36,"height":36,"thumbnail":{"url":"np://user.desktop.nicepage.com/Site_2989818455/images/thumbnails/b4e300929693105d0e6081b287c432a5.png","width":36,"height":36,"length":1140,"type":"png"},"usages":["148620882"]},{"id":"user-image-19e9cca0e7a158612559ca8d616e1ac3.png","publicUrl":"np://user.desktop.nicepage.com/Site_2989818455/images/19e9cca0e7a158612559ca8d616e1ac3.png","size":2786,"hash":"Op1sysyRa8jJbdbEyAY5VMGxpnY=","fileName":"19e9cca0e7a158612559ca8d616e1ac3.png","name":"19e9cca0e7a158612559ca8d616e1ac3","width":36,"height":36,"thumbnail":{"url":"np://user.desktop.nicepage.com/Site_2989818455/images/thumbnails/19e9cca0e7a158612559ca8d616e1ac3.png","width":36,"height":36,"length":2786,"type":"png"},"usages":["148620882"]},{"id":"user-image-0bce7e1b7a9ebff34eef79916a634b23.png","publicUrl":"np://user.desktop.nicepage.com/Site_2989818455/images/0bce7e1b7a9ebff34eef79916a634b23.png","size":1134,"hash":"FzC0I+EdPFeOJJ1f5O8FotGcMS4=","fileName":"0bce7e1b7a9ebff34eef79916a634b23.png","name":"0bce7e1b7a9ebff34eef79916a634b23","width":36,"height":36,"thumbnail":{"url":"np://user.desktop.nicepage.com/Site_2989818455/images/thumbnails/0bce7e1b7a9ebff34eef79916a634b23.png","width":36,"height":36,"length":1134,"type":"png"},"usages":["148620882"]},{"id":"user-image-fbdfee8d334c60f59209c63d9fd38a15.png","publicUrl":"np://user.desktop.nicepage.com/Site_2989818455/images/fbdfee8d334c60f59209c63d9fd38a15.png","size":1509,"hash":"Bx92/3avEMBLnnEu3KMhCTng5Y0=","fileName":"fbdfee8d334c60f59209c63d9fd38a15.png","name":"fbdfee8d334c60f59209c63d9fd38a15","width":36,"height":36,"thumbnail":{"url":"np://user.desktop.nicepage.com/Site_2989818455/images/thumbnails/fbdfee8d334c60f59209c63d9fd38a15.png","width":36,"height":36,"length":1509,"type":"png"},"usages":["148620882"]},{"id":"user-image-Ogl74VgfueM1.jpg","publicUrl":"np://user.desktop.nicepage.com/Site_2989818455/images/Ogl74VgfueM1.jpg","size":5806,"hash":"nShELjjIbG11dtnYIKJQt51ms/8=","fileName":"Ogl74VgfueM1.jpg","name":"Ogl74VgfueM1","width":63,"height":63,"thumbnail":{"url":"np://user.desktop.nicepage.com/Site_2989818455/images/thumbnails/Ogl74VgfueM1.jpg","height":63,"width":63,"length":5806,"type":"jpg"},"usages":[]},{"id":"user-image-photo_2022-12-08_17-22-50.jpg","publicUrl":"np://user.desktop.nicepage.com/Site_2989818455/images/photo_2022-12-08_17-22-50.jpg","size":132700,"hash":"kaya9EdiVnwvSQYRoC2NnfXYr0U=","fileName":"photo_2022-12-08_17-22-50.jpg","name":"photo_2022-12-08_17-22-50","width":1280,"height":960,"thumbnail":{"url":"np://user.desktop.nicepage.com/Site_2989818455/images/thumbnails/photo_2022-12-08_17-22-50.jpg","width":250,"height":188},"usages":["285386548"]},{"id":"user-image-photo_2022-07-15_15-37-11.jpg","publicUrl":"np://user.desktop.nicepage.com/Site_2989818455/images/photo_2022-07-15_15-37-11.jpg","size":150849,"hash":"USsF9DQtc/h+Tx7i7SCWwQR/KD4=","fileName":"photo_2022-07-15_15-37-11.jpg","name":"photo_2022-07-15_15-37-11","width":1280,"height":960,"thumbnail":{"url":"np://user.desktop.nicepage.com/Site_2989818455/images/thumbnails/photo_2022-07-15_15-37-11.jpg","width":250,"height":188},"usages":["285386548"]},{"id":"user-image-photo_2023-02-08_20-11-06.jpg","publicUrl":"np://user.desktop.nicepage.com/Site_2989818455/images/photo_2023-02-08_20-11-06.jpg","size":218653,"hash":"GLzKBPFaytruLvdUFNI2Hnn2bdY=","fileName":"photo_2023-02-08_20-11-06.jpg","name":"photo_2023-02-08_20-11-06","width":960,"height":1280,"thumbnail":{"url":"np://user.desktop.nicepage.com/Site_2989818455/images/thumbnails/photo_2023-02-08_20-11-06.jpg","width":188,"height":250},"usages":["285386548"]},{"id":"user-image-DC7jU1M5FlA.jpg","publicUrl":"np://user.desktop.nicepage.com/Site_2989818455/images/DC7jU1M5FlA.jpg","size":961345,"hash":"G1WxFG477EPoZm+38bZz3d7HL90=","fileName":"DC7jU1M5FlA.jpg","name":"DC7jU1M5FlA","width":1620,"height":2160,"thumbnail":{"url":"np://user.desktop.nicepage.com/Site_2989818455/images/thumbnails/DC7jU1M5FlA.jpg","width":188,"height":250},"usages":["285386548"]},{"id":"user-image-HDYVNCmsYzk.jpg","publicUrl":"np://user.desktop.nicepage.com/Site_2989818455/images/HDYVNCmsYzk.jpg","size":793093,"hash":"mCcjGKGY8VxLLriJ5vDtnwAWbfU=","fileName":"HDYVNCmsYzk.jpg","name":"HDYVNCmsYzk","width":1620,"height":2160,"thumbnail":{"url":"np://user.desktop.nicepage.com/Site_2989818455/images/thumbnails/HDYVNCmsYzk.jpg","width":188,"height":250},"usages":["285386548"]},{"id":"user-image-heDNqn2O1Sw.jpg","publicUrl":"np://user.desktop.nicepage.com/Site_2989818455/images/heDNqn2O1Sw.jpg","size":1242498,"hash":"ZIDv195qoQWr1txHG8HdOB33ZdE=","fileName":"heDNqn2O1Sw.jpg","name":"heDNqn2O1Sw","width":1620,"height":2160,"thumbnail":{"url":"np://user.desktop.nicepage.com/Site_2989818455/images/thumbnails/heDNqn2O1Sw.jpg","width":188,"height":250},"usages":["285386548"]},{"id":"user-image-EOeUP9p7h6s.jpg","publicUrl":"np://user.desktop.nicepage.com/Site_2989818455/images/EOeUP9p7h6s.jpg","size":980635,"hash":"/0HRxzbwIL3fybo0cHB2be2u3PU=","fileName":"EOeUP9p7h6s.jpg","name":"EOeUP9p7h6s","width":1620,"height":2160,"thumbnail":{"url":"np://user.desktop.nicepage.com/Site_2989818455/images/thumbnails/EOeUP9p7h6s.jpg","width":188,"height":250},"usages":["285386548"]},{"id":"user-image-KQxUCLhuNEs.jpg","publicUrl":"np://user.desktop.nicepage.com/Site_2989818455/images/KQxUCLhuNEs.jpg","size":1000105,"hash":"MJRRHMH5P6Bu01D6DF5fOWcTE9c=","fileName":"KQxUCLhuNEs.jpg","name":"KQxUCLhuNEs","width":1620,"height":2160,"thumbnail":{"url":"np://user.desktop.nicepage.com/Site_2989818455/images/thumbnails/KQxUCLhuNEs.jpg","width":188,"height":250},"usages":["285386548"]},{"id":"user-image-V_AveJlGmy0.jpg","publicUrl":"np://user.desktop.nicepage.com/Site_2989818455/images/V_AveJlGmy0.jpg","size":1274726,"hash":"YwuWTzSRVTYdJKiRYboMd4bTEk4=","fileName":"V_AveJlGmy0.jpg","name":"V_AveJlGmy0","width":1620,"height":2160,"thumbnail":{"url":"np://user.desktop.nicepage.com/Site_2989818455/images/thumbnails/V_AveJlGmy0.jpg","width":188,"height":250},"usages":["285386548"]},{"id":"user-image-r_6KHw_Jjsw.jpg","publicUrl":"np://user.desktop.nicepage.com/Site_2989818455/images/r_6KHw_Jjsw.jpg","size":803401,"hash":"FE7r0F4i5eB/q/Eck5dLQBkzmtk=","fileName":"r_6KHw_Jjsw.jpg","name":"r_6KHw_Jjsw","width":1620,"height":2160,"thumbnail":{"url":"np://user.desktop.nicepage.com/Site_2989818455/images/thumbnails/r_6KHw_Jjsw.jpg","width":188,"height":250},"usages":["285386548"]}]