[{"id":"user-image-Ogl74VgfueM.jpg","publicUrl":"np://user.desktop.nicepage.com/Site_2989818455/images/Ogl74VgfueM.jpg","size":152655,"hash":"8wyTc+yCRAPc57V2f+FD17B73FM=","fileName":"Ogl74VgfueM.jpg","name":"Ogl74VgfueM","width":900,"height":900,"thumbnail":{"url":"np://user.desktop.nicepage.com/Site_2989818455/images/thumbnails/Ogl74VgfueM.jpg","width":250,"height":250},"usages":[]},{"id":"user-image-32cea42d25b562a30f7bcdb6d7d8d5b5.jpg","publicUrl":"np://user.desktop.nicepage.com/Site_2989818455/images/32cea42d25b562a30f7bcdb6d7d8d5b5.jpg","size":400247,"hash":"ry+cOBRLj5nDfpNEFUNplUFaDso=","fileName":"32cea42d25b562a30f7bcdb6d7d8d5b5.jpg","name":"32cea42d25b562a30f7bcdb6d7d8d5b5","width":500,"height":500,"thumbnail":{"url":"np://user.desktop.nicepage.com/Site_2989818455/images/32cea42d25b562a30f7bcdb6d7d8d5b5.jpg","width":250,"height":250},"usages":["133804258"]},{"id":"user-image-b4e300929693105d0e6081b287c432a5.jpg","publicUrl":"np://user.desktop.nicepage.com/Site_2989818455/images/b4e300929693105d0e6081b287c432a5.jpg","size":21910,"hash":"hUch95j73pOiYZXGurNdCfBzHlA=","fileName":"b4e300929693105d0e6081b287c432a5.jpg","name":"b4e300929693105d0e6081b287c432a5","width":512,"height":512,"thumbnail":{"url":"np://user.desktop.nicepage.com/Site_2989818455/images/thumbnails/b4e300929693105d0e6081b287c432a5.jpg","width":250,"height":250},"usages":["148620882"]},{"id":"user-image-19e9cca0e7a158612559ca8d616e1ac3.jpg","publicUrl":"np://user.desktop.nicepage.com/Site_2989818455/images/19e9cca0e7a158612559ca8d616e1ac3.jpg","size":397571,"hash":"hQRYml5jfSgR+Od3MlPgEYCYmag=","fileName":"19e9cca0e7a158612559ca8d616e1ac3.jpg","name":"19e9cca0e7a158612559ca8d616e1ac3","width":1000,"height":1000,"thumbnail":{"url":"np://user.desktop.nicepage.com/Site_2989818455/images/thumbnails/19e9cca0e7a158612559ca8d616e1ac3.jpg","width":250,"height":250},"usages":["148620882"]},{"id":"user-image-0bce7e1b7a9ebff34eef79916a634b23.jpg","publicUrl":"np://user.desktop.nicepage.com/Site_2989818455/images/0bce7e1b7a9ebff34eef79916a634b23.jpg","size":96934,"hash":"cUNu58i9V3If13x84H4snAmh1Yw=","fileName":"0bce7e1b7a9ebff34eef79916a634b23.jpg","name":"0bce7e1b7a9ebff34eef79916a634b23","width":1280,"height":1280,"thumbnail":{"url":"np://user.desktop.nicepage.com/Site_2989818455/images/thumbnails/0bce7e1b7a9ebff34eef79916a634b23.jpg","width":250,"height":250},"usages":["148620882"]},{"id":"user-image-fbdfee8d334c60f59209c63d9fd38a15.jpg","publicUrl":"np://user.desktop.nicepage.com/Site_2989818455/images/fbdfee8d334c60f59209c63d9fd38a15.jpg","size":78799,"hash":"Cp2XU3banzcJLstNAcN8WlvnUMU=","fileName":"fbdfee8d334c60f59209c63d9fd38a15.jpg","name":"fbdfee8d334c60f59209c63d9fd38a15","width":800,"height":800,"thumbnail":{"url":"np://user.desktop.nicepage.com/Site_2989818455/images/thumbnails/fbdfee8d334c60f59209c63d9fd38a15.jpg","width":250,"height":250},"usages":["148620882"]},{"id":"user-image-40d208f051ee1c791875bc492c9a11b7.jpg","publicUrl":"np://user.desktop.nicepage.com/Site_2989818455/images/40d208f051ee1c791875bc492c9a11b7.jpg","size":110921,"hash":"Y0oZHbklqv9dNhuWvP+I4cpWkqw=","fileName":"40d208f051ee1c791875bc492c9a11b7.jpg","name":"40d208f051ee1c791875bc492c9a11b7","width":960,"height":783,"thumbnail":{"url":"np://user.desktop.nicepage.com/Site_2989818455/images/thumbnails/40d208f051ee1c791875bc492c9a11b7.jpg","width":250,"height":204},"usages":["50804845"]},{"id":"user-image-43138f0a4f5691cc5c9ab738550e85ec.jpg","publicUrl":"np://user.desktop.nicepage.com/Site_2989818455/images/43138f0a4f5691cc5c9ab738550e85ec.jpg","size":126528,"hash":"2AOQbAH3axizZl+3uZMrtoAY6w0=","fileName":"43138f0a4f5691cc5c9ab738550e85ec.jpg","name":"43138f0a4f5691cc5c9ab738550e85ec","width":960,"height":1280,"thumbnail":{"url":"np://user.desktop.nicepage.com/Site_2989818455/images/thumbnails/43138f0a4f5691cc5c9ab738550e85ec.jpg","width":188,"height":250},"usages":["50804845"]},{"id":"user-image-e525f94dd0466e1f01a5507784bdbcb1.jpg","publicUrl":"np://user.desktop.nicepage.com/Site_2989818455/images/e525f94dd0466e1f01a5507784bdbcb1.jpg","size":285683,"hash":"Mi+yo7phltTLmYNNlCjiqD1j8go=","fileName":"e525f94dd0466e1f01a5507784bdbcb1.jpg","name":"e525f94dd0466e1f01a5507784bdbcb1","width":1280,"height":960,"thumbnail":{"url":"np://user.desktop.nicepage.com/Site_2989818455/images/thumbnails/e525f94dd0466e1f01a5507784bdbcb1.jpg","width":250,"height":188},"usages":["50804845"]},{"id":"user-image-214bb92c32d8cfb163db227f3e80cac5.jpg","publicUrl":"np://user.desktop.nicepage.com/Site_2989818455/images/214bb92c32d8cfb163db227f3e80cac5.jpg","size":206778,"hash":"JZXH0Dg1uPSvcYcUq+RPiMtIkeM=","fileName":"214bb92c32d8cfb163db227f3e80cac5.jpg","name":"214bb92c32d8cfb163db227f3e80cac5","width":720,"height":1280,"thumbnail":{"url":"np://user.desktop.nicepage.com/Site_2989818455/images/thumbnails/214bb92c32d8cfb163db227f3e80cac5.jpg","width":141,"height":250},"usages":["50804845"]},{"id":"user-image-b7fee2802c8982a7694bf6400c65b8fc.jpg","publicUrl":"np://user.desktop.nicepage.com/Site_2989818455/images/b7fee2802c8982a7694bf6400c65b8fc.jpg","size":342073,"hash":"TkCabY9uNbJyNtLGcJMkEdwj4SI=","fileName":"b7fee2802c8982a7694bf6400c65b8fc.jpg","name":"b7fee2802c8982a7694bf6400c65b8fc","width":960,"height":1280,"thumbnail":{"url":"np://user.desktop.nicepage.com/Site_2989818455/images/thumbnails/b7fee2802c8982a7694bf6400c65b8fc.jpg","width":188,"height":250},"usages":["50804845"]}]