{"id":2989818455,"isReadOnly":false,"folder":"C:\\Users\\vladi\\OneDrive\\Документы\\Nicepage\\Site_2989818455","items":[{"id":929000030,"status":2,"title":"Blog Template","order":1,"templateKey":"blog","customTemplate":false,"customTemplateFilename":null,"pageLinks":[],"dateCreated":"2023-02-08T18:45:06.392Z","dateUpdated":"2023-02-08T18:45:06.398Z","folderId":null,"pageName":"Blog Template"},{"id":3629489,"status":2,"title":"Post Template","order":2,"templateKey":"post","customTemplate":false,"customTemplateFilename":null,"pageLinks":[],"dateCreated":"2023-02-06T15:37:22.109Z","dateUpdated":"2023-02-06T15:37:22.115Z","folderId":null,"pageName":"Post Template"},{"id":29468942,"status":2,"title":"Product List Template","order":3,"templateKey":"products","customTemplate":false,"customTemplateFilename":null,"pageLinks":[],"dateCreated":"2023-02-06T10:19:39.707Z","dateUpdated":"2023-02-06T10:19:39.710Z","folderId":null,"pageName":"Product List Template"},{"id":755923429,"status":2,"title":"Product Details Template","order":4,"templateKey":"product","customTemplate":false,"customTemplateFilename":null,"pageLinks":[],"dateCreated":"2023-02-06T10:19:39.734Z","dateUpdated":"2023-02-06T10:19:39.737Z","folderId":null,"pageName":"Product Details Template"},{"id":18720573,"status":2,"title":"Shopping Cart Template","order":5,"templateKey":"cart","customTemplate":false,"customTemplateFilename":null,"pageLinks":[],"dateCreated":"2023-02-06T10:19:39.759Z","dateUpdated":"2023-02-06T10:19:39.762Z","folderId":null,"pageName":"Shopping Cart Template"},{"id":1709305348,"status":2,"title":"Checkout Template","order":6,"templateKey":"checkout","customTemplate":false,"customTemplateFilename":null,"pageLinks":[],"dateCreated":"2023-02-06T10:19:39.784Z","dateUpdated":"2023-02-06T10:19:39.787Z","folderId":null,"pageName":"Checkout Template"},{"id":151159397,"status":2,"title":"Login Template","order":7,"templateKey":"login","customTemplate":false,"customTemplateFilename":null,"pageLinks":[],"dateCreated":"2023-02-06T16:28:43.181Z","dateUpdated":"2023-02-06T16:28:43.186Z","folderId":null,"pageName":"Login Template"},{"id":270483495,"status":2,"title":"Page Password Template","order":8,"templateKey":"password","customTemplate":false,"customTemplateFilename":null,"pageLinks":[],"dateCreated":"2023-02-06T10:19:39.832Z","dateUpdated":"2023-02-06T10:19:39.835Z","folderId":null,"pageName":"Page Password Template"},{"id":2206604662,"status":2,"title":"404 Not Found Template","order":9,"templateKey":"404","customTemplate":false,"customTemplateFilename":null,"pageLinks":[],"dateCreated":"2023-02-10T13:08:37.837Z","dateUpdated":"2023-02-10T13:08:37.843Z","folderId":null,"pageName":"404 Not Found Template"},{"id":133804258,"status":2,"title":"main","order":50,"templateKey":null,"customTemplate":false,"customTemplateFilename":null,"pageLinks":[],"dateCreated":"2023-02-08T19:11:09.790Z","dateUpdated":"2023-02-08T19:11:09.796Z","folderId":null,"pageName":"main_133804258"},{"id":50804845,"status":2,"title":"gallery","order":100,"templateKey":null,"customTemplate":false,"customTemplateFilename":null,"pageLinks":[],"dateCreated":"2023-02-10T13:15:56.387Z","dateUpdated":"2023-02-10T13:15:56.393Z","folderId":null,"pageName":"gallery_50804845"},{"id":148620882,"status":2,"title":"contacts","order":101,"templateKey":null,"customTemplate":false,"customTemplateFilename":null,"pageLinks":[],"dateCreated":"2023-02-08T17:04:36.016Z","dateUpdated":"2023-02-08T17:04:36.021Z","folderId":null,"pageName":"contacts_148620882"},{"id":285386548,"status":2,"title":"cats","order":102,"templateKey":null,"customTemplate":false,"customTemplateFilename":null,"pageLinks":[],"dateCreated":"2023-02-10T13:14:32.080Z","dateUpdated":"2023-02-10T13:14:32.086Z","folderId":null,"pageName":"cats_285386548"},{"id":79626415,"status":2,"title":"vkusnyashki","order":103,"templateKey":null,"customTemplate":false,"customTemplateFilename":null,"pageLinks":[],"dateCreated":"2023-02-10T13:14:42.195Z","dateUpdated":"2023-02-10T13:14:42.202Z","folderId":null,"pageName":"vkusnyashki_79626415"},{"id":1588319401,"status":2,"title":"404","order":104,"templateKey":null,"customTemplate":false,"customTemplateFilename":null,"pageLinks":[],"dateCreated":"2023-02-10T14:09:17.677Z","dateUpdated":"2023-02-10T14:09:17.682Z","folderId":null,"pageName":"404_1588319401"}],"metaTags":null,"order":65536,"headHtml":null,"customCss":null,"headerHtml":"<section class=\"u-align-center-sm u-align-center-xs u-box-shadow u-clearfix u-grey-80 u-header u-sticky u-sticky-f1f5 u-block-080c-1\" custom-posts-hash=\"[]\" data-style=\"header-logo-menu-social-icons\" data-post-id=\"1156346213\" data-section-properties=\"{&quot;grid-spacing&quot;:&quot;0&quot;,&quot;align&quot;:&quot;left&quot;,&quot;stretch&quot;:true}\" id=\"sec-5a01\" data-source=\"\" data-id=\"080c\">\n  <div class=\"u-clearfix u-sheet u-block-080c-2\">\n    \n    \n    \n  <a href=\"133804258\" class=\"u-align-left u-image u-logo u-block-080c-12\" data-brightness=\"\" data-image-width=\"63\" data-image-height=\"63\" title=\"Владислав Дмитренко\">\n      <img src=\"np://user.desktop.nicepage.com/Site_2989818455/images/thumbnails/Ogl74VgfueM1.jpg?rand=b4ba\" class=\"u-logo-image u-block-080c-19\">\n    </a><nav class=\"u-align-right u-dropdown-icon u-menu u-menu-dropdown u-menu-open-right u-offcanvas u-block-080c-7\" data-responsive-from=\"MD\" data-submenu-level=\"on-click\">\n      <div class=\"menu-collapse\" style=\"font-size: 1rem; letter-spacing: 0px; font-weight: 500;\">\n        <a class=\"u-button-style u-custom-active-border-color u-custom-active-color u-custom-border u-custom-border-color u-custom-borders u-custom-color u-custom-hover-border-color u-custom-hover-color u-custom-left-right-menu-spacing u-custom-text-active-color u-custom-text-color u-custom-text-hover-color u-custom-top-bottom-menu-spacing u-nav-link\" href=\"#\" style=\"background-image: none;\">\n          <svg class=\"u-svg-link\" preserveAspectRatio=\"xMidYMin slice\" viewBox=\"0 0 302 302\" style=\"\"><use xmlns:xlink=\"http://www.w3.org/1999/xlink\" xlink:href=\"#svg-8a8f\"></use></svg>\n          <svg xmlns=\"http://www.w3.org/2000/svg\" xmlns:xlink=\"http://www.w3.org/1999/xlink\" version=\"1.1\" id=\"svg-8a8f\" x=\"0px\" y=\"0px\" viewBox=\"0 0 302 302\" style=\"enable-background:new 0 0 302 302;\" xml:space=\"preserve\" class=\"u-svg-content\"><g><rect y=\"36\" width=\"302\" height=\"30\"></rect><rect y=\"236\" width=\"302\" height=\"30\"></rect><rect y=\"136\" width=\"302\" height=\"30\"></rect>\n</g><g></g><g></g><g></g><g></g><g></g><g></g><g></g><g></g><g></g><g></g><g></g><g></g><g></g><g></g><g></g></svg>\n        </a>\n      </div>\n      <div class=\"u-custom-menu u-nav-container\">\n        <ul class=\"u-nav u-spacing-2 u-unstyled u-block-080c-25\"><li class=\"u-nav-item\"><a class=\"u-active-grey-50 u-border-active-palette-1-base u-border-hover-palette-1-base u-border-no-left u-border-no-right u-border-no-top u-button-style u-grey-80 u-hover-grey-50 u-nav-link u-text-active-black u-text-hover-black u-text-white\" href=\"main.html\" data-page-id=\"133804258\" style=\"padding: 10px 14px;\">Главная</a></li><li class=\"u-nav-item\"><a class=\"u-active-grey-50 u-border-active-palette-1-base u-border-hover-palette-1-base u-border-no-left u-border-no-right u-border-no-top u-button-style u-grey-80 u-hover-grey-50 u-nav-link u-text-active-black u-text-hover-black u-text-white\" href=\"gallery.html\" data-page-id=\"50804845\" style=\"padding: 10px 14px;\">Галерея</a><div class=\"u-nav-popup u-block-080c-26\"><ul class=\"u-h-spacing-14 u-nav u-unstyled u-v-spacing-7 u-block-080c-27\"><li class=\"u-nav-item\"><a class=\"u-active-grey-50 u-button-style u-grey-80 u-hover-grey-50 u-nav-link\" href=\"gallery.html\" data-page-id=\"50804845\">Обзор</a></li><li class=\"u-nav-item\"><a class=\"u-active-grey-50 u-button-style u-grey-80 u-hover-grey-50 u-nav-link\" href=\"cats.html\" data-page-id=\"285386548\">- Котята</a></li><li class=\"u-nav-item\"><a class=\"u-active-grey-50 u-button-style u-grey-80 u-hover-grey-50 u-nav-link\" href=\"vkusnyashki.html\" data-page-id=\"79626415\">- Вкусняшки</a></li></ul></div></li><li class=\"u-nav-item\"><a class=\"u-active-grey-50 u-border-active-palette-1-base u-border-hover-palette-1-base u-border-no-left u-border-no-right u-border-no-top u-button-style u-grey-80 u-hover-grey-50 u-nav-link u-text-active-black u-text-hover-black u-text-white\" href=\"contacts.html\" data-page-id=\"148620882\" style=\"padding: 10px 14px;\">Контакты</a></li></ul>\n      </div>\n      <div class=\"u-custom-menu u-nav-container-collapse\">\n        <div class=\"u-align-center u-black u-container-style u-inner-container-layout u-opacity u-opacity-95 u-sidenav u-block-080c-9\">\n          <div class=\"u-inner-container-layout u-sidenav-overflow\">\n            <div class=\"u-menu-close u-block-080c-10\"></div>\n            <ul class=\"u-align-center-lg u-align-center-xl u-align-left-md u-align-left-sm u-align-left-xs u-nav u-popupmenu-items u-spacing-0 u-unstyled u-block-080c-11\"><li class=\"u-nav-item\"><a class=\"u-button-style u-nav-link\" href=\"main.html\" data-page-id=\"133804258\">Главная</a></li><li class=\"u-nav-item\"><a class=\"u-button-style u-nav-link\" href=\"gallery.html\" data-page-id=\"50804845\">Галерея</a><div class=\"u-nav-popup u-block-080c-28\"><ul class=\"u-h-spacing-14 u-nav u-unstyled u-v-spacing-7 u-block-080c-29\"><li class=\"u-nav-item\"><a class=\"u-button-style u-nav-link\" href=\"gallery.html\" data-page-id=\"50804845\">Обзор</a></li><li class=\"u-nav-item\"><a class=\"u-button-style u-nav-link\" href=\"cats.html\" data-page-id=\"285386548\">- Котята</a></li><li class=\"u-nav-item\"><a class=\"u-button-style u-nav-link\" href=\"vkusnyashki.html\" data-page-id=\"79626415\">- Вкусняшки</a></li></ul></div></li><li class=\"u-nav-item\"><a class=\"u-button-style u-nav-link\" href=\"contacts.html\" data-page-id=\"148620882\">Контакты</a></li></ul>\n          </div>\n        </div>\n        <div class=\"u-black u-menu-overlay u-opacity u-opacity-60\"></div>\n      </div>\n    </nav></div>\n  <style data-mode=\"XL\" data-visited=\"true\">@media (min-width: 1200px){ .u-block-080c-1 {background-image: none; box-shadow: 5px 5px 20px 0px rgba(var(--black-r),var(--black-g),var(--black-b),0.4)}\n.u-block-080c-2 {min-height: 65px; margin-top: 0px; margin-bottom: 0px; margin-left: auto; margin-right: auto}\n.u-block-080c-12 {width: 63px; height: 63px; margin-top: 1px; margin-right: auto; margin-bottom: 0px; margin-left: 0px}\n.u-block-080c-19 {width: 100%; height: 100%}\n.u-block-080c-7 {margin-top: -49.5px; margin-right: 0px; margin-bottom: 14.5px; margin-left: auto}\n.u-block-080c-25 {font-weight: 500; font-size: 1rem; letter-spacing: normal}\n.u-block-080c-11 {font-size: 1rem; font-weight: normal} }</style>\n  <style data-mode=\"LG\" data-visited=\"true\">@media (max-width: 1199px) and (min-width: 992px){ .u-block-080c-1 {background-image: none; box-shadow: 5px 5px 20px 0px rgba(var(--black-r),var(--black-g),var(--black-b),0.4)}\n.u-block-080c-2 {margin-top: 0px; margin-bottom: 0px; margin-left: auto; margin-right: auto; min-height: 65px}\n.u-block-080c-12 {margin-top: 1px; margin-right: auto; margin-bottom: 0px; margin-left: 0px; width: 63px; height: 63px}\n.u-block-080c-19 {width: 100%; height: 100%}\n.u-block-080c-7 {margin-top: -49px; margin-right: 0px; margin-bottom: 14.5px; margin-left: auto}\n.u-block-080c-25 {font-size: 1rem; letter-spacing: normal; font-weight: 500}\n.u-block-080c-11 {font-size: 1rem; font-weight: normal} }</style>\n  <style data-mode=\"MD\" data-visited=\"true\">@media (max-width: 991px) and (min-width: 768px){ .u-block-080c-1 {background-image: none; box-shadow: 5px 5px 20px 0px rgba(var(--black-r),var(--black-g),var(--black-b),0.4)}\n.u-block-080c-2 {margin-top: 0px; margin-bottom: 0px; margin-left: auto; margin-right: auto; min-height: 65px}\n.u-block-080c-12 {width: 63px; height: 63px; margin-top: 1px; margin-right: auto; margin-bottom: 0px; margin-left: 0px}\n.u-block-080c-19 {width: 100%; height: 100%}\n.u-block-080c-7 {width: auto; margin-top: -49px; margin-right: 0px; margin-bottom: 14.5px; margin-left: auto}\n.u-block-080c-25 {font-weight: 500; font-size: 1rem; letter-spacing: normal}\n.u-block-080c-11 {font-size: 1.875rem; font-weight: 700} }</style>\n  <style data-mode=\"SM\" data-visited=\"true\">@media (max-width: 767px) and (min-width: 576px){ .u-block-080c-1 {background-image: none; box-shadow: 5px 5px 20px 0px rgba(var(--black-r),var(--black-g),var(--black-b),0.4)}\n.u-block-080c-2 {margin-top: 0px; margin-bottom: 0px; margin-left: auto; margin-right: auto; min-height: 65px}\n.u-block-080c-12 {width: 63px; height: 63px; margin-top: 1px; margin-right: auto; margin-bottom: 0px; margin-left: 0px}\n.u-block-080c-19 {width: 100%; height: 100%}\n.u-block-080c-7 {width: auto; margin-top: -49px; margin-right: 0px; margin-bottom: 14.5px; margin-left: auto}\n.u-block-080c-25 {font-size: 1rem; letter-spacing: normal; font-weight: 500}\n.u-block-080c-11 {font-size: 1.875rem; font-weight: 700} }</style>\n  <style data-mode=\"XS\" data-visited=\"true\">@media (max-width: 575px){ .u-block-080c-1 {background-image: none; box-shadow: 5px 5px 20px 0px rgba(var(--black-r),var(--black-g),var(--black-b),0.4)}\n.u-block-080c-2 {margin-top: 0px; margin-bottom: 0px; margin-left: auto; margin-right: auto; min-height: 65px}\n.u-block-080c-12 {width: 63px; height: 63px; margin-top: 1px; margin-right: auto; margin-bottom: 0px; margin-left: 0px}\n.u-block-080c-19 {width: 100%; height: 100%}\n.u-block-080c-7 {width: auto; margin-top: -49px; margin-right: 0px; margin-bottom: 14.5px; margin-left: auto}\n.u-block-080c-25 {font-size: 1rem; letter-spacing: normal; font-weight: 500}\n.u-block-080c-11 {font-size: 1.875rem; font-weight: 700} }</style>\n</section>","footerHtml":"<section class=\"u-align-center-sm u-align-center-xs u-box-shadow u-clearfix u-footer u-grey-80 u-sticky u-sticky-f1f5 u-block-c83a-1\" custom-posts-hash=\"T\" data-style=\"footer-1-text\" data-post-id=\"2894137432\" data-section-properties=\"{&quot;grid-spacing&quot;:&quot;30&quot;,&quot;spacingAdditional&quot;:&quot;none&quot;,&quot;align&quot;:&quot;&quot;,&quot;stretch&quot;:true}\" id=\"sec-6976\" data-source=\"\" data-id=\"c83a\" data-animation-name=\"\" data-animation-duration=\"0\" data-animation-delay=\"0\" data-animation-direction=\"\">\n  <div class=\"u-clearfix u-sheet u-block-c83a-2\">\n    <p class=\"u-align-center u-small-text u-text u-text-variant u-block-c83a-6\">АБОБА<br>2023</p>\n  </div>\n  <style data-mode=\"XL\" data-visited=\"true\">@media (min-width: 1200px){ .u-block-c83a-1 {box-shadow: 5px 5px 20px 0px rgba(var(--black-r),var(--black-g),var(--black-b),0.4)}\n.u-block-c83a-2 {min-height: 65px}\n.u-block-c83a-6 {width: 417px; margin-top: 10px; margin-left: auto; margin-right: auto; margin-bottom: 0px} }</style>\n  <style data-mode=\"LG\" data-visited=\"true\">@media (max-width: 1199px) and (min-width: 992px){ .u-block-c83a-1 {box-shadow: 5px 5px 20px 0px rgba(var(--black-r),var(--black-g),var(--black-b),0.4)}\n.u-block-c83a-2 {min-height: 65px}\n.u-block-c83a-6 {width: 417px; margin-top: 10.5px; margin-left: auto; margin-right: auto; margin-bottom: 0px} }</style>\n  <style data-mode=\"MD\" data-visited=\"true\">@media (max-width: 991px) and (min-width: 768px){ .u-block-c83a-1 {box-shadow: 5px 5px 20px 0px rgba(var(--black-r),var(--black-g),var(--black-b),0.4)}\n.u-block-c83a-2 {min-height: 65px}\n.u-block-c83a-6 {width: 417px; margin-top: 10.5px; margin-left: auto; margin-right: auto; margin-bottom: 0px} }</style>\n  <style data-mode=\"SM\" data-visited=\"true\">@media (max-width: 767px) and (min-width: 576px){ .u-block-c83a-1 {box-shadow: 5px 5px 20px 0px rgba(var(--black-r),var(--black-g),var(--black-b),0.4)}\n.u-block-c83a-2 {min-height: 65px}\n.u-block-c83a-6 {width: 417px; margin-top: 10.5px; margin-left: auto; margin-right: auto; margin-bottom: 0px} }</style>\n  <style data-mode=\"XS\" data-visited=\"true\">@media (max-width: 575px){ .u-block-c83a-1 {box-shadow: 5px 5px 20px 0px rgba(var(--black-r),var(--black-g),var(--black-b),0.4)}\n.u-block-c83a-2 {min-height: 65px}\n.u-block-c83a-6 {width: auto; margin-top: 10.5px; margin-left: 0px; margin-right: 0px; margin-bottom: 0px} }</style>\n</section>","hideBacklink":null,"homePageId":133804258,"dateUpdated":1676132902006,"settings":"{\"colorScheme\":{\"bodyColors\":[\"#111111\",\"#ffffff\"],\"bgColor\":\"#404040\",\"colors\":[\"#478ac9\",\"#db545a\",\"#f1c50e\",\"#2cccc4\",\"#b9c1cc\"],\"customColors\":[],\"shadingContrast\":\"body-alt-color\",\"whiteContrast\":\"body-color\",\"bgContrast\":\"body-alt-color\",\"name\":\"u10\"},\"fontScheme\":{\"name\":\"Roboto-OpenSans\",\"default\":true,\"isDefault\":true,\"fonts\":{\"heading\":\"Roboto, sans-serif\",\"text\":\"Open Sans, sans-serif\",\"accent\":\"Arial, sans-serif\",\"headingTitle\":\"Roboto\",\"textTitle\":\"Open Sans\"}},\"typography\":{\"name\":\"custom-page-typography-1\",\"title\":{\"font-weight\":\"400\",\"font-size\":4.5,\"line-height\":\"1_1\",\"margin-top\":20,\"margin-bottom\":20,\"SM\":{\"font-size\":3.75},\"XS\":{\"font-size\":3}},\"subtitle\":{\"font-weight\":\"400\",\"font-size\":2.25,\"line-height\":\"1_1\",\"margin-top\":20,\"margin-bottom\":20,\"XS\":{\"font-size\":1.5}},\"h1\":{\"font-weight\":\"400\",\"font-size\":3,\"line-height\":\"1_1\",\"margin-top\":20,\"margin-bottom\":20,\"XS\":{\"font-size\":1.875}},\"h2\":{\"font-weight\":\"400\",\"font-size\":2.25,\"line-height\":\"1_1\",\"margin-top\":20,\"margin-bottom\":20,\"XS\":{\"font-size\":1.5}},\"h3\":{\"font-weight\":\"400\",\"font-size\":1.875,\"line-height\":\"1_2\",\"margin-top\":20,\"margin-bottom\":20,\"XS\":{\"font-size\":1.5}},\"h4\":{\"font-weight\":\"400\",\"font-size\":1.5,\"line-height\":\"1_2\",\"margin-top\":20,\"margin-bottom\":20},\"h5\":{\"font-weight\":\"400\",\"font-size\":1.25,\"line-height\":\"1_2\",\"margin-top\":20,\"margin-bottom\":20},\"h6\":{\"font-weight\":\"400\",\"font-size\":1.125,\"line-height\":\"1_2\",\"margin-top\":20,\"margin-bottom\":20},\"largeText\":{\"font-size\":1.25,\"margin-top\":20,\"margin-bottom\":20},\"smallText\":{\"font-size\":0.875,\"margin-top\":20,\"margin-bottom\":20},\"text\":{\"margin-top\":20,\"margin-bottom\":20},\"hyperlink\":{\"text-color\":\"palette-1-base\"},\"link\":{},\"button\":{\"color\":\"palette-1-base\",\"margin-top\":20,\"margin-bottom\":20},\"blockquote\":{\"font-style\":\"italic\",\"indent\":20,\"border\":4,\"border-color\":\"palette-1-base\",\"margin-top\":20,\"margin-bottom\":20},\"metadata\":{\"margin-top\":20,\"margin-bottom\":20},\"list\":{\"margin-top\":20,\"margin-bottom\":20},\"orderedlist\":{\"margin-top\":20,\"margin-bottom\":20},\"postContent\":{\"margin-top\":20,\"margin-bottom\":20},\"theme\":{\"gradient\":\"\",\"image\":\"\",\"sheet-width-xl\":1140,\"sheet-width-lg\":940,\"sheet-width-md\":720,\"sheet-width-sm\":540,\"sheet-width-xs\":340,\"background-image\":false,\"background-attachment\":\"fixed\"},\"htmlBaseSize\":16},\"backToTop\":\"<span style=\\\"height: 65px; width: 65px; right: 20px; bottom: 20px; box-shadow: 5px 5px 20px 0px rgba(var(--black-r),var(--black-g),var(--black-b),0.4); margin-left: 0px; margin-top: 0px; margin-right: auto;\\\" class=\\\"u-back-to-top u-icon u-opacity u-opacity-85\\\" data-href=\\\"#\\\">\\n        <svg class=\\\"u-svg-link\\\" preserveAspectRatio=\\\"xMidYMin slice\\\" viewBox=\\\"0 0 551.13 551.13\\\">\\n            <use xmlns:xlink=\\\"http://www.w3.org/1999/xlink\\\" xlink:href=\\\"#svg-1d98\\\"></use>\\n        </svg>\\n        <svg class=\\\"u-svg-content\\\" enable-background=\\\"new 0 0 551.13 551.13\\\" viewBox=\\\"0 0 551.13 551.13\\\" xmlns=\\\"http://www.w3.org/2000/svg\\\" id=\\\"svg-1d98\\\">\\n            <path d=\\\"m275.565 189.451 223.897 223.897h51.668l-275.565-275.565-275.565 275.565h51.668z\\\"></path>\\n        </svg>\\n    </span>\",\"themeBackLinks\":\"{\\\"data-wp-back-link\\\":\\\"https://nicepage.com/wordpress-themes\\\",\\\"data-wp-back-link-title\\\":\\\"WordPress Theme\\\",\\\"data-jm-back-link\\\":\\\"https://nicepage.com/joomla-templates\\\",\\\"data-jm-back-link-title\\\":\\\"Joomla Templates\\\"}\",\"lang\":\"ru\",\"langs\":[{\"id\":\"1\",\"name\":\"ru\",\"title\":\"Russian\"}],\"id\":2989818455,\"title\":\"Владислав Дмитренко\",\"homePageId\":\"133804258\",\"formServices\":{\"4f81ca77d58906dac12fd19eaabc63f8\":{\"id\":\"4f81ca77d58906dac12fd19eaabc63f8\",\"type\":\"email\",\"token\":\"6821f4e4caee456d6ccb12254f1c9882\",\"email\":\"vladislav.dmitrenko.94@gmail.com\",\"isVerified\":true}},\"captchaSiteKey\":\"6LetPRgiAAAAAGX121nVdkYGTN-RfCXh4wAlbDFh\",\"captchaSecretKey\":\"\",\"cookiesSection\":\"<section class=\\\"u-align-center u-block-a869-1 u-clearfix u-cookies-consent u-grey-90\\\" custom-posts-hash=\\\"T\\\" style=\\\"background-image: none\\\" data-post-id=\\\"1\\\" data-section-properties=\\\"{&quot;stretch&quot;:true}\\\" data-id=\\\"a869\\\" data-posts-content=\\\"[{'images':[],'maps':[],'videos':[],'icons':[],'textWidth':874,'textHeight':152,'id':1,'headingProp':'h3','textProp':'text'}]\\\" data-style=\\\"cookie-1\\\" id=\\\"sec-d1b8\\\" data-source=\\\"\\\">\\n  <div class=\\\"u-block-a869-2 u-clearfix u-sheet u-valign-middle\\\" style=\\\"min-height: 152px\\\" data-height-lg=\\\"158\\\" data-height-md=\\\"131\\\" data-height-sm=\\\"106\\\" data-height-xs=\\\"225\\\">\\n    <div class=\\\"u-block-a869-7 u-clearfix u-expanded-width u-layout-wrap\\\" style=\\\"margin-top: 0px; margin-bottom: 0px\\\">\\n      <div class=\\\"u-gutter-0 u-layout\\\">\\n        <div class=\\\"u-layout-row\\\">\\n          <div class=\\\"u-block-a869-8 u-container-style u-layout-cell u-left-cell u-size-43-md u-size-43-sm u-size-43-xs u-size-46-lg u-size-46-xl\\\" style=\\\"min-height: 152px\\\">\\n            <div class=\\\"u-block-a869-9 u-container-layout u-valign-middle\\\" style=\\\"padding-top: 30px; padding-bottom: 30px; padding-left: 60px; padding-right: 60px\\\">\\n              <h3 class=\\\"u-block-a869-6 u-text u-text-default\\\" style=\\\"margin-top: 0px; margin-right: 20px; margin-bottom: 0px\\\">Куки</h3>\\n              <p class=\\\"u-block-a869-5 u-text u-text-default\\\" style=\\\"margin-top: 8px; margin-right: 20px; margin-bottom: 0px; margin-left: 0px\\\">Этот сайт использует куки. Нажимите кнопку Принять Куки</p>\\n            </div>\\n          </div>\\n          <div class=\\\"u-align-left u-block-a869-10 u-container-style u-layout-cell u-right-cell u-size-14-lg u-size-14-xl u-size-17-md u-size-17-sm u-size-17-xs\\\" style=\\\"min-height: 152px\\\">\\n            <div class=\\\"u-block-a869-11 u-container-layout u-valign-middle\\\" style=\\\"padding-top: 30px; padding-bottom: 30px; padding-left: 30px; padding-right: 30px\\\">\\n              <a href=\\\"###\\\" class=\\\"u-block-a869-3 u-btn u-button-confirm u-button-style u-palette-1-base\\\" style=\\\"margin-top: 0px; margin-bottom: 0px; margin-left: auto; margin-right: auto\\\">Принять Куки</a>\\n            </div>\\n          </div>\\n        </div>\\n      </div>\\n    </div>\\n  </div>\\n  <style data-mode=\\\"XL\\\" data-visited=\\\"true\\\">@media (max-width: 0px) { .u-block-a869-1 {background-image: none}\\n.u-block-a869-2 {min-height: 152px}\\n.u-block-a869-7 {margin-top: 0px; margin-bottom: 0px}\\n.u-block-a869-8 {min-height: 152px}\\n.u-block-a869-9 {padding-top: 30px; padding-bottom: 30px; padding-left: 60px; padding-right: 60px}\\n.u-block-a869-6 {margin-top: 0px; margin-right: 20px; margin-bottom: 0px}\\n.u-block-a869-5 {margin-top: 8px; margin-right: 20px; margin-bottom: 0px; margin-left: 0px}\\n.u-block-a869-10 {min-height: 152px}\\n.u-block-a869-11 {padding-top: 30px; padding-bottom: 30px; padding-left: 30px; padding-right: 30px}\\n.u-block-a869-3 {margin-top: 0px; margin-bottom: 0px; margin-left: auto; margin-right: auto} }</style>\\n  <style data-mode=\\\"LG\\\">@media (max-width: 0px) { .u-block-a869-1 {background-image: none}\\n.u-block-a869-2 {min-height: 131px}\\n.u-block-a869-7 {margin-top: 0px; margin-bottom: 0px}\\n.u-block-a869-8 {min-height: 125px}\\n.u-block-a869-9 {padding-top: 30px; padding-bottom: 30px; padding-left: 60px; padding-right: 60px}\\n.u-block-a869-6 {margin-top: 0px; margin-right: 0px; margin-bottom: 0px}\\n.u-block-a869-5 {margin-top: 8px; margin-right: 0px; margin-bottom: 0px; margin-left: 0px}\\n.u-block-a869-10 {min-height: 125px}\\n.u-block-a869-11 {padding-top: 30px; padding-bottom: 30px; padding-left: 30px; padding-right: 30px}\\n.u-block-a869-3 {margin-top: 0px; margin-right: auto; margin-bottom: 0px; margin-left: auto} }</style>\\n  <style data-mode=\\\"MD\\\">@media (max-width: 0px) { .u-block-a869-1 {background-image: none}\\n.u-block-a869-2 {min-height: 106px}\\n.u-block-a869-7 {margin-top: 0px; margin-bottom: 0px}\\n.u-block-a869-8 {min-height: 100px}\\n.u-block-a869-9 {padding-top: 30px; padding-bottom: 30px; padding-left: 30px; padding-right: 30px}\\n.u-block-a869-6 {margin-top: 0px; margin-right: 0px; margin-bottom: 0px}\\n.u-block-a869-5 {margin-top: 8px; margin-right: 0px; margin-bottom: 0px; margin-left: 0px}\\n.u-block-a869-10 {min-height: 100px}\\n.u-block-a869-11 {padding-top: 30px; padding-bottom: 30px; padding-left: 30px; padding-right: 30px}\\n.u-block-a869-3 {margin-top: 0px; margin-right: auto; margin-bottom: 0px; margin-left: auto} }</style>\\n  <style data-mode=\\\"SM\\\">@media (max-width: 0px) { .u-block-a869-1 {background-image: none}\\n.u-block-a869-2 {min-height: 225px}\\n.u-block-a869-7 {margin-top: 0px; margin-bottom: 0px}\\n.u-block-a869-8 {min-height: 154px}\\n.u-block-a869-9 {padding-top: 30px; padding-left: 10px; padding-right: 10px; padding-bottom: 20px}\\n.u-block-a869-6 {margin-top: 0px; margin-right: 0px; margin-bottom: 0px}\\n.u-block-a869-5 {margin-top: 8px; margin-right: 0px; margin-bottom: 0px; margin-left: 0px}\\n.u-block-a869-10 {min-height: 65px}\\n.u-block-a869-11 {padding-top: 10px; padding-bottom: 10px; padding-left: 10px; padding-right: 10px}\\n.u-block-a869-3 {margin-top: 0px; margin-right: auto; margin-bottom: 0px; margin-left: auto} }</style>\\n  <style data-mode=\\\"XS\\\">@media (max-width: 0px) { .u-block-a869-1 {background-image: none}\\n.u-block-a869-2 {min-height: 121px}\\n.u-block-a869-7 {margin-top: 0px; margin-bottom: 0px}\\n.u-block-a869-8 {min-height: 100px}\\n.u-block-a869-9 {padding-top: 30px; padding-bottom: 20px; padding-left: 10px; padding-right: 10px}\\n.u-block-a869-6 {margin-top: 0px; margin-right: 0px; margin-bottom: 0px}\\n.u-block-a869-5 {margin-top: 8px; margin-right: 0px; margin-bottom: 0px; margin-left: 0px}\\n.u-block-a869-10 {min-height: 15px}\\n.u-block-a869-11 {padding-top: 10px; padding-bottom: 10px; padding-left: 10px; padding-right: 10px}\\n.u-block-a869-3 {margin-top: 0px; margin-right: auto; margin-bottom: 0px; margin-left: auto} }</style>\\n</section>\",\"favicon\":\"favicon.png\",\"description\":\"\",\"keywords\":\"\",\"analytics\":\"G-K4C3MMMEM2\",\"googleTagManager\":\" GTM-T4B258P\",\"googleOptimizeId\":\"\",\"requiredSaveCaptchaKey\":false,\"metaTags\":\"\",\"headHtml\":\"\",\"customCss\":\"\",\"themeAuthor\":\"\",\"themeAuthorUrl\":\"\",\"themeVersion\":\"1.0\",\"themeUrl\":\"\",\"themeTags\":\"left-sidebar, right-sidebar, custom-background, custom-colors, blog\",\"themeDescription\":\"Эта тема сделана в Nicepage\",\"disableHtml\":\"false\",\"showBrand\":\"false\",\"whiteLabelTitle\":\"Nicepage\",\"whiteLabelLogoSmall\":\"\",\"whiteLabelLogoBig\":\"\",\"whiteLabelAuthor\":\"Nicepage https://www.nicepage.com\",\"whiteLabelAuthorUrl\":\"https://nicepage.com/\",\"whiteLabelDescription\":\"Design websites with any images and texts in seconds!\",\"themeThumbnail\":\"\",\"cookies\":\"false\",\"cookieConfirmCode\":\"\",\"embedFonts\":\"true\",\"lazyLoading\":\"true\",\"country\":\"UA\",\"clientMode\":\"false\",\"disableOpenGraph\":\"false\",\"analyticsCode\":\"<script>\\n    function gdprConfirmed() {\\n        return true;\\n    }\\n    if (gdprConfirmed()) {\\n    document.write(\\\"\\\\\\n    \\\\\\n    <!-- Google Analytics -->\\\\\\n    <gascript async src=\\\\\\\"https://www.googletagmanager.com/gtag/js?id=G-K4C3MMMEM2\\\\\\\"></gascript>\\\\\\n    <gascript>\\\\\\n        window.dataLayer = window.dataLayer || [];\\\\\\n        function gtag(){dataLayer.push(arguments);}\\\\\\n        gtag('js', new Date());\\\\\\n        gtag('config', 'G-K4C3MMMEM2');\\\\\\n    </gascript>\\\\\\n    <!-- End Google Analytics -->\\\\\\n    \\\".replace(/gascript/g, 'script'));\\n    }\\n    </script>\",\"publishNicePageCss\":\"\",\"publishHeaderTranslations\":{},\"publishFooterTranslations\":{},\"cookiesConsent\":{\"publishCookiesSection\":\"<section class=\\\"u-align-center u-clearfix u-cookies-consent u-grey-90 u-cookies-consent\\\" id=\\\"sec-d1b8\\\">\\n      <div class=\\\"u-clearfix u-sheet u-valign-middle u-sheet-1\\\">\\n        <div class=\\\"u-clearfix u-expanded-width u-layout-wrap u-layout-wrap-1\\\">\\n          <div class=\\\"u-gutter-0 u-layout\\\">\\n            <div class=\\\"u-layout-row\\\">\\n              <div class=\\\"u-container-style u-layout-cell u-left-cell u-size-43-md u-size-43-sm u-size-43-xs u-size-46-lg u-size-46-xl u-layout-cell-1\\\">\\n                <div class=\\\"u-container-layout u-valign-middle u-container-layout-1\\\">\\n                  <h3 class=\\\"u-text u-text-default u-text-1\\\">Куки</h3>\\n                  <p class=\\\"u-text u-text-default u-text-2\\\">Этот сайт использует куки. Нажимите кнопку Принять Куки</p>\\n                </div>\\n              </div>\\n              <div class=\\\"u-align-left u-container-style u-layout-cell u-right-cell u-size-14-lg u-size-14-xl u-size-17-md u-size-17-sm u-size-17-xs u-layout-cell-2\\\">\\n                <div class=\\\"u-container-layout u-valign-middle u-container-layout-2\\\">\\n                  <a href=\\\"###\\\" class=\\\"u-btn u-button-confirm u-button-style u-palette-1-base u-btn-1\\\">Принять Куки</a>\\n                </div>\\n              </div>\\n            </div>\\n          </div>\\n        </div>\\n      </div>\\n    <style> .u-cookies-consent {\\n  background-image: none;\\n}\\n\\n.u-cookies-consent .u-sheet-1 {\\n  min-height: 152px;\\n}\\n\\n.u-cookies-consent .u-layout-wrap-1 {\\n  margin-top: 0;\\n  margin-bottom: 0;\\n}\\n\\n.u-cookies-consent .u-layout-cell-1 {\\n  min-height: 152px;\\n}\\n\\n.u-cookies-consent .u-container-layout-1 {\\n  padding: 30px 60px;\\n}\\n\\n.u-cookies-consent .u-text-1 {\\n  margin-top: 0;\\n  margin-right: 20px;\\n  margin-bottom: 0;\\n}\\n\\n.u-cookies-consent .u-text-2 {\\n  margin: 8px 20px 0 0;\\n}\\n\\n.u-cookies-consent .u-layout-cell-2 {\\n  min-height: 152px;\\n}\\n\\n.u-cookies-consent .u-container-layout-2 {\\n  padding: 30px;\\n}\\n\\n.u-cookies-consent .u-btn-1 {\\n  margin: 0 auto;\\n}\\n\\n@media (max-width: 1199px) {\\n  .u-cookies-consent .u-sheet-1 {\\n    min-height: 131px;\\n  }\\n\\n  .u-cookies-consent .u-layout-cell-1 {\\n    min-height: 125px;\\n  }\\n\\n  .u-cookies-consent .u-text-1 {\\n    margin-right: 0;\\n  }\\n\\n  .u-cookies-consent .u-text-2 {\\n    margin-right: 0;\\n  }\\n\\n  .u-cookies-consent .u-layout-cell-2 {\\n    min-height: 125px;\\n  }\\n}\\n\\n@media (max-width: 991px) {\\n  .u-cookies-consent .u-sheet-1 {\\n    min-height: 106px;\\n  }\\n\\n  .u-cookies-consent .u-layout-cell-1 {\\n    min-height: 100px;\\n  }\\n\\n  .u-cookies-consent .u-container-layout-1 {\\n    padding-left: 30px;\\n    padding-right: 30px;\\n  }\\n\\n  .u-cookies-consent .u-layout-cell-2 {\\n    min-height: 100px;\\n  }\\n}\\n\\n@media (max-width: 767px) {\\n  .u-cookies-consent .u-sheet-1 {\\n    min-height: 225px;\\n  }\\n\\n  .u-cookies-consent .u-layout-cell-1 {\\n    min-height: 154px;\\n  }\\n\\n  .u-cookies-consent .u-container-layout-1 {\\n    padding-left: 10px;\\n    padding-right: 10px;\\n    padding-bottom: 20px;\\n  }\\n\\n  .u-cookies-consent .u-layout-cell-2 {\\n    min-height: 65px;\\n  }\\n\\n  .u-cookies-consent .u-container-layout-2 {\\n    padding: 10px;\\n  }\\n}\\n\\n@media (max-width: 575px) {\\n  .u-cookies-consent .u-sheet-1 {\\n    min-height: 121px;\\n  }\\n\\n  .u-cookies-consent .u-layout-cell-1 {\\n    min-height: 100px;\\n  }\\n\\n  .u-cookies-consent .u-layout-cell-2 {\\n    min-height: 15px;\\n  }\\n}</style></section>\",\"hideCookies\":true,\"cookieConfirmCode\":\"\",\"cookiesSection\":\"<section class=\\\"u-align-center u-block-a869-1 u-clearfix u-cookies-consent u-grey-90\\\" custom-posts-hash=\\\"T\\\" style=\\\"background-image: none\\\" data-post-id=\\\"1\\\" data-section-properties=\\\"{&quot;stretch&quot;:true}\\\" data-id=\\\"a869\\\" data-posts-content=\\\"[{'images':[],'maps':[],'videos':[],'icons':[],'textWidth':874,'textHeight':152,'id':1,'headingProp':'h3','textProp':'text'}]\\\" data-style=\\\"cookie-1\\\" id=\\\"sec-d1b8\\\" data-source=\\\"\\\">\\n  <div class=\\\"u-block-a869-2 u-clearfix u-sheet u-valign-middle\\\" style=\\\"min-height: 152px\\\" data-height-lg=\\\"158\\\" data-height-md=\\\"131\\\" data-height-sm=\\\"106\\\" data-height-xs=\\\"225\\\">\\n    <div class=\\\"u-block-a869-7 u-clearfix u-expanded-width u-layout-wrap\\\" style=\\\"margin-top: 0px; margin-bottom: 0px\\\">\\n      <div class=\\\"u-gutter-0 u-layout\\\">\\n        <div class=\\\"u-layout-row\\\">\\n          <div class=\\\"u-block-a869-8 u-container-style u-layout-cell u-left-cell u-size-43-md u-size-43-sm u-size-43-xs u-size-46-lg u-size-46-xl\\\" style=\\\"min-height: 152px\\\">\\n            <div class=\\\"u-block-a869-9 u-container-layout u-valign-middle\\\" style=\\\"padding-top: 30px; padding-bottom: 30px; padding-left: 60px; padding-right: 60px\\\">\\n              <h3 class=\\\"u-block-a869-6 u-text u-text-default\\\" style=\\\"margin-top: 0px; margin-right: 20px; margin-bottom: 0px\\\">Куки</h3>\\n              <p class=\\\"u-block-a869-5 u-text u-text-default\\\" style=\\\"margin-top: 8px; margin-right: 20px; margin-bottom: 0px; margin-left: 0px\\\">Этот сайт использует куки. Нажимите кнопку Принять Куки</p>\\n            </div>\\n          </div>\\n          <div class=\\\"u-align-left u-block-a869-10 u-container-style u-layout-cell u-right-cell u-size-14-lg u-size-14-xl u-size-17-md u-size-17-sm u-size-17-xs\\\" style=\\\"min-height: 152px\\\">\\n            <div class=\\\"u-block-a869-11 u-container-layout u-valign-middle\\\" style=\\\"padding-top: 30px; padding-bottom: 30px; padding-left: 30px; padding-right: 30px\\\">\\n              <a href=\\\"###\\\" class=\\\"u-block-a869-3 u-btn u-button-confirm u-button-style u-palette-1-base\\\" style=\\\"margin-top: 0px; margin-bottom: 0px; margin-left: auto; margin-right: auto\\\">Принять Куки</a>\\n            </div>\\n          </div>\\n        </div>\\n      </div>\\n    </div>\\n  </div>\\n  <style data-mode=\\\"XL\\\" data-visited=\\\"true\\\">@media (max-width: 0px) { .u-block-a869-1 {background-image: none}\\n.u-block-a869-2 {min-height: 152px}\\n.u-block-a869-7 {margin-top: 0px; margin-bottom: 0px}\\n.u-block-a869-8 {min-height: 152px}\\n.u-block-a869-9 {padding-top: 30px; padding-bottom: 30px; padding-left: 60px; padding-right: 60px}\\n.u-block-a869-6 {margin-top: 0px; margin-right: 20px; margin-bottom: 0px}\\n.u-block-a869-5 {margin-top: 8px; margin-right: 20px; margin-bottom: 0px; margin-left: 0px}\\n.u-block-a869-10 {min-height: 152px}\\n.u-block-a869-11 {padding-top: 30px; padding-bottom: 30px; padding-left: 30px; padding-right: 30px}\\n.u-block-a869-3 {margin-top: 0px; margin-bottom: 0px; margin-left: auto; margin-right: auto} }</style>\\n  <style data-mode=\\\"LG\\\">@media (max-width: 0px) { .u-block-a869-1 {background-image: none}\\n.u-block-a869-2 {min-height: 131px}\\n.u-block-a869-7 {margin-top: 0px; margin-bottom: 0px}\\n.u-block-a869-8 {min-height: 125px}\\n.u-block-a869-9 {padding-top: 30px; padding-bottom: 30px; padding-left: 60px; padding-right: 60px}\\n.u-block-a869-6 {margin-top: 0px; margin-right: 0px; margin-bottom: 0px}\\n.u-block-a869-5 {margin-top: 8px; margin-right: 0px; margin-bottom: 0px; margin-left: 0px}\\n.u-block-a869-10 {min-height: 125px}\\n.u-block-a869-11 {padding-top: 30px; padding-bottom: 30px; padding-left: 30px; padding-right: 30px}\\n.u-block-a869-3 {margin-top: 0px; margin-right: auto; margin-bottom: 0px; margin-left: auto} }</style>\\n  <style data-mode=\\\"MD\\\">@media (max-width: 0px) { .u-block-a869-1 {background-image: none}\\n.u-block-a869-2 {min-height: 106px}\\n.u-block-a869-7 {margin-top: 0px; margin-bottom: 0px}\\n.u-block-a869-8 {min-height: 100px}\\n.u-block-a869-9 {padding-top: 30px; padding-bottom: 30px; padding-left: 30px; padding-right: 30px}\\n.u-block-a869-6 {margin-top: 0px; margin-right: 0px; margin-bottom: 0px}\\n.u-block-a869-5 {margin-top: 8px; margin-right: 0px; margin-bottom: 0px; margin-left: 0px}\\n.u-block-a869-10 {min-height: 100px}\\n.u-block-a869-11 {padding-top: 30px; padding-bottom: 30px; padding-left: 30px; padding-right: 30px}\\n.u-block-a869-3 {margin-top: 0px; margin-right: auto; margin-bottom: 0px; margin-left: auto} }</style>\\n  <style data-mode=\\\"SM\\\">@media (max-width: 0px) { .u-block-a869-1 {background-image: none}\\n.u-block-a869-2 {min-height: 225px}\\n.u-block-a869-7 {margin-top: 0px; margin-bottom: 0px}\\n.u-block-a869-8 {min-height: 154px}\\n.u-block-a869-9 {padding-top: 30px; padding-left: 10px; padding-right: 10px; padding-bottom: 20px}\\n.u-block-a869-6 {margin-top: 0px; margin-right: 0px; margin-bottom: 0px}\\n.u-block-a869-5 {margin-top: 8px; margin-right: 0px; margin-bottom: 0px; margin-left: 0px}\\n.u-block-a869-10 {min-height: 65px}\\n.u-block-a869-11 {padding-top: 10px; padding-bottom: 10px; padding-left: 10px; padding-right: 10px}\\n.u-block-a869-3 {margin-top: 0px; margin-right: auto; margin-bottom: 0px; margin-left: auto} }</style>\\n  <style data-mode=\\\"XS\\\">@media (max-width: 0px) { .u-block-a869-1 {background-image: none}\\n.u-block-a869-2 {min-height: 121px}\\n.u-block-a869-7 {margin-top: 0px; margin-bottom: 0px}\\n.u-block-a869-8 {min-height: 100px}\\n.u-block-a869-9 {padding-top: 30px; padding-bottom: 20px; padding-left: 10px; padding-right: 10px}\\n.u-block-a869-6 {margin-top: 0px; margin-right: 0px; margin-bottom: 0px}\\n.u-block-a869-5 {margin-top: 8px; margin-right: 0px; margin-bottom: 0px; margin-left: 0px}\\n.u-block-a869-10 {min-height: 15px}\\n.u-block-a869-11 {padding-top: 10px; padding-bottom: 10px; padding-left: 10px; padding-right: 10px}\\n.u-block-a869-3 {margin-top: 0px; margin-right: auto; margin-bottom: 0px; margin-left: auto} }</style>\\n</section>\"}}","title":"Владислав Дмитренко","siteStyleCss":"<style id=\"color-scheme\" color-scheme=\"u10\" color-style=\"monochrome-3\">.u-body {\n--none: transparent;\n--none-darker: transparent;\n--none-r: 255;\n--none-g: 255;\n--none-b: 255;\n--none-contrast: body-color;\n--none-contrast-darker: body-color;\n--none-text-color: var(--body-color);\n--transparent: transparent;\n--transparent-darker: transparent;\n--transparent-r: 255;\n--transparent-g: 255;\n--transparent-b: 255;\n--transparent-contrast: body-color;\n--transparent-contrast-darker: body-color;\n--transparent-text-color: var(--body-color);\n--body-color: #111111;\n--body-color-darker: #0f0f0f;\n--body-color-r: 17;\n--body-color-g: 17;\n--body-color-b: 17;\n--body-color-contrast: white;\n--body-color-contrast-darker: white;\n--body-color-text-color: var(--body-alt-color);\n--body-alt-color: #ffffff;\n--body-alt-color-darker: #e6e6e6;\n--body-alt-color-r: 255;\n--body-alt-color-g: 255;\n--body-alt-color-b: 255;\n--body-alt-color-contrast: black;\n--body-alt-color-contrast-darker: black;\n--body-alt-color-text-color: var(--body-color);\n--bg-color: #404040;\n--bg-color-darker: #3a3a3a;\n--bg-color-r: 64;\n--bg-color-g: 64;\n--bg-color-b: 64;\n--bg-color-contrast: white;\n--bg-color-contrast-darker: white;\n--bg-color-text-color: var(--body-color);\n--palette-1-base: #478ac9;\n--palette-1-base-darker: #387cbd;\n--palette-1-base-r: 71;\n--palette-1-base-g: 138;\n--palette-1-base-b: 201;\n--palette-1-base-contrast: white;\n--palette-1-base-contrast-darker: white;\n--palette-1-base-text-color: var(--body-alt-color);\n--palette-1-dark-3: #292e33;\n--palette-1-dark-3-darker: #25292e;\n--palette-1-dark-3-r: 41;\n--palette-1-dark-3-g: 46;\n--palette-1-dark-3-b: 51;\n--palette-1-dark-3-contrast: white;\n--palette-1-dark-3-contrast-darker: white;\n--palette-1-dark-3-text-color: var(--body-alt-color);\n--palette-1-dark-2: #425465;\n--palette-1-dark-2-darker: #3b4c5b;\n--palette-1-dark-2-r: 66;\n--palette-1-dark-2-g: 84;\n--palette-1-dark-2-b: 101;\n--palette-1-dark-2-contrast: white;\n--palette-1-dark-2-contrast-darker: white;\n--palette-1-dark-2-text-color: var(--body-alt-color);\n--palette-1-dark-1: #4c7397;\n--palette-1-dark-1-darker: #446888;\n--palette-1-dark-1-r: 76;\n--palette-1-dark-1-g: 115;\n--palette-1-dark-1-b: 151;\n--palette-1-dark-1-contrast: white;\n--palette-1-dark-1-contrast-darker: white;\n--palette-1-dark-1-text-color: var(--body-alt-color);\n--palette-1: #478ac9;\n--palette-1-darker: #387cbd;\n--palette-1-r: 71;\n--palette-1-g: 138;\n--palette-1-b: 201;\n--palette-1-contrast: white;\n--palette-1-contrast-darker: white;\n--palette-1-text-color: var(--body-alt-color);\n--palette-1-light-1: #77aad9;\n--palette-1-light-1-darker: #5d9ad2;\n--palette-1-light-1-r: 119;\n--palette-1-light-1-g: 170;\n--palette-1-light-1-b: 217;\n--palette-1-light-1-contrast: white;\n--palette-1-light-1-contrast-darker: white;\n--palette-1-light-1-text-color: var(--body-alt-color);\n--palette-1-light-2: #adcce9;\n--palette-1-light-2-darker: #8db8e0;\n--palette-1-light-2-r: 173;\n--palette-1-light-2-g: 204;\n--palette-1-light-2-b: 233;\n--palette-1-light-2-contrast: black;\n--palette-1-light-2-contrast-darker: white;\n--palette-1-light-2-text-color: var(--body-color);\n--palette-1-light-3: #e9f2fa;\n--palette-1-light-3-darker: #c2dbf1;\n--palette-1-light-3-r: 233;\n--palette-1-light-3-g: 242;\n--palette-1-light-3-b: 250;\n--palette-1-light-3-contrast: black;\n--palette-1-light-3-contrast-darker: black;\n--palette-1-light-3-text-color: var(--body-color);\n--palette-2-base: #db545a;\n--palette-2-base-darker: #d63b42;\n--palette-2-base-r: 219;\n--palette-2-base-g: 84;\n--palette-2-base-b: 90;\n--palette-2-base-contrast: white;\n--palette-2-base-contrast-darker: white;\n--palette-2-base-text-color: var(--body-alt-color);\n--palette-2-dark-3: #332929;\n--palette-2-dark-3-darker: #2e2525;\n--palette-2-dark-3-r: 51;\n--palette-2-dark-3-g: 41;\n--palette-2-dark-3-b: 41;\n--palette-2-dark-3-contrast: white;\n--palette-2-dark-3-contrast-darker: white;\n--palette-2-dark-3-text-color: var(--body-alt-color);\n--palette-2-dark-2: #6b4748;\n--palette-2-dark-2-darker: #604041;\n--palette-2-dark-2-r: 107;\n--palette-2-dark-2-g: 71;\n--palette-2-dark-2-b: 72;\n--palette-2-dark-2-contrast: white;\n--palette-2-dark-2-contrast-darker: white;\n--palette-2-dark-2-text-color: var(--body-alt-color);\n--palette-2-dark-1: #a35559;\n--palette-2-dark-1-darker: #934c50;\n--palette-2-dark-1-r: 163;\n--palette-2-dark-1-g: 85;\n--palette-2-dark-1-b: 89;\n--palette-2-dark-1-contrast: white;\n--palette-2-dark-1-contrast-darker: white;\n--palette-2-dark-1-text-color: var(--body-alt-color);\n--palette-2: #db545a;\n--palette-2-darker: #d63b42;\n--palette-2-r: 219;\n--palette-2-g: 84;\n--palette-2-b: 90;\n--palette-2-contrast: white;\n--palette-2-contrast-darker: white;\n--palette-2-text-color: var(--body-alt-color);\n--palette-2-light-1: #e68387;\n--palette-2-light-1-darker: #e0656a;\n--palette-2-light-1-r: 230;\n--palette-2-light-1-g: 131;\n--palette-2-light-1-b: 135;\n--palette-2-light-1-contrast: white;\n--palette-2-light-1-contrast-darker: white;\n--palette-2-light-1-text-color: var(--body-alt-color);\n--palette-2-light-2: #f1b5b8;\n--palette-2-light-2-darker: #ea9296;\n--palette-2-light-2-r: 241;\n--palette-2-light-2-g: 181;\n--palette-2-light-2-b: 184;\n--palette-2-light-2-contrast: black;\n--palette-2-light-2-contrast-darker: white;\n--palette-2-light-2-text-color: var(--body-color);\n--palette-2-light-3: #fbeced;\n--palette-2-light-3-darker: #f3c4c7;\n--palette-2-light-3-r: 251;\n--palette-2-light-3-g: 236;\n--palette-2-light-3-b: 237;\n--palette-2-light-3-contrast: black;\n--palette-2-light-3-contrast-darker: black;\n--palette-2-light-3-text-color: var(--body-color);\n--palette-3-base: #f1c50e;\n--palette-3-base-darker: #d9b10d;\n--palette-3-base-r: 241;\n--palette-3-base-g: 197;\n--palette-3-base-b: 14;\n--palette-3-base-contrast: black;\n--palette-3-base-contrast-darker: white;\n--palette-3-base-text-color: var(--body-color);\n--palette-3-dark-3: #333129;\n--palette-3-dark-3-darker: #2e2c25;\n--palette-3-dark-3-r: 51;\n--palette-3-dark-3-g: 49;\n--palette-3-dark-3-b: 41;\n--palette-3-dark-3-contrast: white;\n--palette-3-dark-3-contrast-darker: white;\n--palette-3-dark-3-text-color: var(--body-alt-color);\n--palette-3-dark-2: #72683f;\n--palette-3-dark-2-darker: #675e39;\n--palette-3-dark-2-r: 114;\n--palette-3-dark-2-g: 104;\n--palette-3-dark-2-b: 63;\n--palette-3-dark-2-contrast: white;\n--palette-3-dark-2-contrast-darker: white;\n--palette-3-dark-2-text-color: var(--body-alt-color);\n--palette-3-dark-1: #b29a36;\n--palette-3-dark-1-darker: #a08b31;\n--palette-3-dark-1-r: 178;\n--palette-3-dark-1-g: 154;\n--palette-3-dark-1-b: 54;\n--palette-3-dark-1-contrast: white;\n--palette-3-dark-1-contrast-darker: white;\n--palette-3-dark-1-text-color: var(--body-alt-color);\n--palette-3: #f1c50e;\n--palette-3-darker: #d9b10d;\n--palette-3-r: 241;\n--palette-3-g: 197;\n--palette-3-b: 14;\n--palette-3-contrast: black;\n--palette-3-contrast-darker: white;\n--palette-3-text-color: var(--body-color);\n--palette-3-light-1: #f5d654;\n--palette-3-light-1-darker: #f3cf35;\n--palette-3-light-1-r: 245;\n--palette-3-light-1-g: 214;\n--palette-3-light-1-b: 84;\n--palette-3-light-1-contrast: black;\n--palette-3-light-1-contrast-darker: black;\n--palette-3-light-1-text-color: var(--body-color);\n--palette-3-light-2: #f9e79b;\n--palette-3-light-2-darker: #f7de75;\n--palette-3-light-2-r: 249;\n--palette-3-light-2-g: 231;\n--palette-3-light-2-b: 155;\n--palette-3-light-2-contrast: black;\n--palette-3-light-2-contrast-darker: black;\n--palette-3-light-2-text-color: var(--body-color);\n--palette-3-light-3: #fef9e6;\n--palette-3-light-3-darker: #fceeb7;\n--palette-3-light-3-r: 254;\n--palette-3-light-3-g: 249;\n--palette-3-light-3-b: 230;\n--palette-3-light-3-contrast: black;\n--palette-3-light-3-contrast-darker: black;\n--palette-3-light-3-text-color: var(--body-color);\n--palette-4-base: #2cccc4;\n--palette-4-base-darker: #28b8b0;\n--palette-4-base-r: 44;\n--palette-4-base-g: 204;\n--palette-4-base-b: 196;\n--palette-4-base-contrast: white;\n--palette-4-base-contrast-darker: white;\n--palette-4-base-text-color: var(--body-alt-color);\n--palette-4-dark-3: #293332;\n--palette-4-dark-3-darker: #252e2d;\n--palette-4-dark-3-r: 41;\n--palette-4-dark-3-g: 51;\n--palette-4-dark-3-b: 50;\n--palette-4-dark-3-contrast: white;\n--palette-4-dark-3-contrast-darker: white;\n--palette-4-dark-3-text-color: var(--body-alt-color);\n--palette-4-dark-2: #41807c;\n--palette-4-dark-2-darker: #3a7370;\n--palette-4-dark-2-r: 65;\n--palette-4-dark-2-g: 128;\n--palette-4-dark-2-b: 124;\n--palette-4-dark-2-contrast: white;\n--palette-4-dark-2-contrast-darker: white;\n--palette-4-dark-2-text-color: var(--body-alt-color);\n--palette-4-dark-1: #2cccc4;\n--palette-4-dark-1-darker: #28b8b0;\n--palette-4-dark-1-r: 44;\n--palette-4-dark-1-g: 204;\n--palette-4-dark-1-b: 196;\n--palette-4-dark-1-contrast: white;\n--palette-4-dark-1-contrast-darker: white;\n--palette-4-dark-1-text-color: var(--body-alt-color);\n--palette-4: #3be8e0;\n--palette-4-darker: #21e5dc;\n--palette-4-r: 59;\n--palette-4-g: 232;\n--palette-4-b: 224;\n--palette-4-contrast: black;\n--palette-4-contrast-darker: black;\n--palette-4-text-color: var(--body-color);\n--palette-4-light-1: #72efe9;\n--palette-4-light-1-darker: #52ebe4;\n--palette-4-light-1-r: 114;\n--palette-4-light-1-g: 239;\n--palette-4-light-1-b: 233;\n--palette-4-light-1-contrast: black;\n--palette-4-light-1-contrast-darker: black;\n--palette-4-light-1-text-color: var(--body-color);\n--palette-4-light-2: #adf6f2;\n--palette-4-light-2-darker: #87f2ec;\n--palette-4-light-2-r: 173;\n--palette-4-light-2-g: 246;\n--palette-4-light-2-b: 242;\n--palette-4-light-2-contrast: black;\n--palette-4-light-2-contrast-darker: black;\n--palette-4-light-2-text-color: var(--body-color);\n--palette-4-light-3: #eafdfc;\n--palette-4-light-3-darker: #bef9f6;\n--palette-4-light-3-r: 234;\n--palette-4-light-3-g: 253;\n--palette-4-light-3-b: 252;\n--palette-4-light-3-contrast: black;\n--palette-4-light-3-contrast-darker: black;\n--palette-4-light-3-text-color: var(--body-color);\n--palette-5-base: #b9c1cc;\n--palette-5-base-darker: #a2adbc;\n--palette-5-base-r: 185;\n--palette-5-base-g: 193;\n--palette-5-base-b: 204;\n--palette-5-base-contrast: black;\n--palette-5-base-contrast-darker: white;\n--palette-5-base-text-color: var(--body-color);\n--palette-5-dark-3: #292d33;\n--palette-5-dark-3-darker: #25292e;\n--palette-5-dark-3-r: 41;\n--palette-5-dark-3-g: 45;\n--palette-5-dark-3-b: 51;\n--palette-5-dark-3-contrast: white;\n--palette-5-dark-3-contrast-darker: white;\n--palette-5-dark-3-text-color: var(--body-alt-color);\n--palette-5-dark-2: #555c66;\n--palette-5-dark-2-darker: #4d535c;\n--palette-5-dark-2-r: 85;\n--palette-5-dark-2-g: 92;\n--palette-5-dark-2-b: 102;\n--palette-5-dark-2-contrast: white;\n--palette-5-dark-2-contrast-darker: white;\n--palette-5-dark-2-text-color: var(--body-alt-color);\n--palette-5-dark-1: #858e99;\n--palette-5-dark-1-darker: #75808c;\n--palette-5-dark-1-r: 133;\n--palette-5-dark-1-g: 142;\n--palette-5-dark-1-b: 153;\n--palette-5-dark-1-contrast: white;\n--palette-5-dark-1-contrast-darker: white;\n--palette-5-dark-1-text-color: var(--body-alt-color);\n--palette-5: #b9c1cc;\n--palette-5-darker: #a2adbc;\n--palette-5-r: 185;\n--palette-5-g: 193;\n--palette-5-b: 204;\n--palette-5-contrast: black;\n--palette-5-contrast-darker: white;\n--palette-5-text-color: var(--body-color);\n--palette-5-light-1: #ccd3db;\n--palette-5-light-1-darker: #b3bec9;\n--palette-5-light-1-r: 204;\n--palette-5-light-1-g: 211;\n--palette-5-light-1-b: 219;\n--palette-5-light-1-contrast: black;\n--palette-5-light-1-contrast-darker: black;\n--palette-5-light-1-text-color: var(--body-color);\n--palette-5-light-2: #e0e5eb;\n--palette-5-light-2-darker: #c4ced9;\n--palette-5-light-2-r: 224;\n--palette-5-light-2-g: 229;\n--palette-5-light-2-b: 235;\n--palette-5-light-2-contrast: black;\n--palette-5-light-2-contrast-darker: black;\n--palette-5-light-2-text-color: var(--body-color);\n--palette-5-light-3: #f5f7fa;\n--palette-5-light-3-darker: #d4dde9;\n--palette-5-light-3-r: 245;\n--palette-5-light-3-g: 247;\n--palette-5-light-3-b: 250;\n--palette-5-light-3-contrast: black;\n--palette-5-light-3-contrast-darker: black;\n--palette-5-light-3-text-color: var(--body-color);\n--grey-40: #999999;\n--grey-40-darker: #8a8a8a;\n--grey-40-r: 153;\n--grey-40-g: 153;\n--grey-40-b: 153;\n--grey-40-contrast: white;\n--grey-40-contrast-darker: white;\n--grey-40-text-color: var(--body-alt-color);\n--grey-30: #b3b3b3;\n--grey-30-darker: #a1a1a1;\n--grey-30-r: 179;\n--grey-30-g: 179;\n--grey-30-b: 179;\n--grey-30-contrast: white;\n--grey-30-contrast-darker: white;\n--grey-30-text-color: var(--body-alt-color);\n--grey-25: #c0c0c0;\n--grey-25-darker: #adadad;\n--grey-25-r: 192;\n--grey-25-g: 192;\n--grey-25-b: 192;\n--grey-25-contrast: black;\n--grey-25-contrast-darker: white;\n--grey-25-text-color: var(--body-color);\n--white: #ffffff;\n--white-darker: #e6e6e6;\n--white-r: 255;\n--white-g: 255;\n--white-b: 255;\n--white-contrast: black;\n--white-contrast-darker: black;\n--white-text-color: var(--body-color);\n--grey-15: #d9d9d9;\n--grey-15-darker: #c3c3c3;\n--grey-15-r: 217;\n--grey-15-g: 217;\n--grey-15-b: 217;\n--grey-15-contrast: black;\n--grey-15-contrast-darker: black;\n--grey-15-text-color: var(--body-color);\n--grey-10: #e5e5e5;\n--grey-10-darker: #cecece;\n--grey-10-r: 229;\n--grey-10-g: 229;\n--grey-10-b: 229;\n--grey-10-contrast: black;\n--grey-10-contrast-darker: black;\n--grey-10-text-color: var(--body-color);\n--grey-5: #f2f2f2;\n--grey-5-darker: #dadada;\n--grey-5-r: 242;\n--grey-5-g: 242;\n--grey-5-b: 242;\n--grey-5-contrast: black;\n--grey-5-contrast-darker: black;\n--grey-5-text-color: var(--body-color);\n--grey-90: #1a1a1a;\n--grey-90-darker: #171717;\n--grey-90-r: 26;\n--grey-90-g: 26;\n--grey-90-b: 26;\n--grey-90-contrast: white;\n--grey-90-contrast-darker: white;\n--grey-90-text-color: var(--body-alt-color);\n--grey-80: #333333;\n--grey-80-darker: #2e2e2e;\n--grey-80-r: 51;\n--grey-80-g: 51;\n--grey-80-b: 51;\n--grey-80-contrast: white;\n--grey-80-contrast-darker: white;\n--grey-80-text-color: var(--body-alt-color);\n--grey-75: #404040;\n--grey-75-darker: #3a3a3a;\n--grey-75-r: 64;\n--grey-75-g: 64;\n--grey-75-b: 64;\n--grey-75-contrast: white;\n--grey-75-contrast-darker: white;\n--grey-75-text-color: var(--body-alt-color);\n--black: #000000;\n--black-darker: #000000;\n--black-r: 0;\n--black-g: 0;\n--black-b: 0;\n--black-contrast: white;\n--black-contrast-darker: white;\n--black-text-color: var(--body-alt-color);\n--grey-70: #4d4d4d;\n--grey-70-darker: #454545;\n--grey-70-r: 77;\n--grey-70-g: 77;\n--grey-70-b: 77;\n--grey-70-contrast: white;\n--grey-70-contrast-darker: white;\n--grey-70-text-color: var(--body-alt-color);\n--grey-60: #666666;\n--grey-60-darker: #5c5c5c;\n--grey-60-r: 102;\n--grey-60-g: 102;\n--grey-60-b: 102;\n--grey-60-contrast: white;\n--grey-60-contrast-darker: white;\n--grey-60-text-color: var(--body-alt-color);\n--grey-50: #808080;\n--grey-50-darker: #737373;\n--grey-50-r: 128;\n--grey-50-g: 128;\n--grey-50-b: 128;\n--grey-50-contrast: white;\n--grey-50-contrast-darker: white;\n--grey-50-text-color: var(--body-alt-color);\n--grey-dark-3: #212121;\n--grey-dark-3-darker: #1e1e1e;\n--grey-dark-3-r: 33;\n--grey-dark-3-g: 33;\n--grey-dark-3-b: 33;\n--grey-dark-3-contrast: white;\n--grey-dark-3-contrast-darker: white;\n--grey-dark-3-text-color: var(--body-alt-color);\n--grey-dark-2: #333333;\n--grey-dark-2-darker: #2e2e2e;\n--grey-dark-2-r: 51;\n--grey-dark-2-g: 51;\n--grey-dark-2-b: 51;\n--grey-dark-2-contrast: white;\n--grey-dark-2-contrast-darker: white;\n--grey-dark-2-text-color: var(--body-alt-color);\n--grey-dark-1: #454545;\n--grey-dark-1-darker: #3e3e3e;\n--grey-dark-1-r: 69;\n--grey-dark-1-g: 69;\n--grey-dark-1-b: 69;\n--grey-dark-1-contrast: white;\n--grey-dark-1-contrast-darker: white;\n--grey-dark-1-text-color: var(--body-alt-color);\n--grey: #b3b3b3;\n--grey-darker: #a1a1a1;\n--grey-r: 179;\n--grey-g: 179;\n--grey-b: 179;\n--grey-contrast: white;\n--grey-contrast-darker: white;\n--grey-text-color: var(--body-alt-color);\n--grey-light-1: #d9d9d9;\n--grey-light-1-darker: #c3c3c3;\n--grey-light-1-r: 217;\n--grey-light-1-g: 217;\n--grey-light-1-b: 217;\n--grey-light-1-contrast: black;\n--grey-light-1-contrast-darker: black;\n--grey-light-1-text-color: var(--body-color);\n--grey-light-2: #eeeeee;\n--grey-light-2-darker: #d6d6d6;\n--grey-light-2-r: 238;\n--grey-light-2-g: 238;\n--grey-light-2-b: 238;\n--grey-light-2-contrast: black;\n--grey-light-2-contrast-darker: black;\n--grey-light-2-text-color: var(--body-color);\n--grey-light-3: #f6f6f6;\n--grey-light-3-darker: #dddddd;\n--grey-light-3-r: 246;\n--grey-light-3-g: 246;\n--grey-light-3-b: 246;\n--grey-light-3-contrast: black;\n--grey-light-3-contrast-darker: black;\n--grey-light-3-text-color: var(--body-color);\n--color-1-base: #f1c50e;\n--color-1-base-darker: #d9b10d;\n--color-1-base-r: 241;\n--color-1-base-g: 197;\n--color-1-base-b: 14;\n--color-1-base-contrast: black;\n--color-1-base-contrast-darker: white;\n--color-1-base-text-color: var(--body-color);\n--color-1-dark-3: #333129;\n--color-1-dark-3-darker: #2e2c25;\n--color-1-dark-3-r: 51;\n--color-1-dark-3-g: 49;\n--color-1-dark-3-b: 41;\n--color-1-dark-3-contrast: white;\n--color-1-dark-3-contrast-darker: white;\n--color-1-dark-3-text-color: var(--body-alt-color);\n--color-1-dark-2: #72683f;\n--color-1-dark-2-darker: #675e39;\n--color-1-dark-2-r: 114;\n--color-1-dark-2-g: 104;\n--color-1-dark-2-b: 63;\n--color-1-dark-2-contrast: white;\n--color-1-dark-2-contrast-darker: white;\n--color-1-dark-2-text-color: var(--body-alt-color);\n--color-1-dark-1: #b29a36;\n--color-1-dark-1-darker: #a08b31;\n--color-1-dark-1-r: 178;\n--color-1-dark-1-g: 154;\n--color-1-dark-1-b: 54;\n--color-1-dark-1-contrast: white;\n--color-1-dark-1-contrast-darker: white;\n--color-1-dark-1-text-color: var(--body-alt-color);\n--color-1: #f1c50e;\n--color-1-darker: #d9b10d;\n--color-1-r: 241;\n--color-1-g: 197;\n--color-1-b: 14;\n--color-1-contrast: black;\n--color-1-contrast-darker: white;\n--color-1-text-color: var(--body-color);\n--color-1-light-1: #f5d654;\n--color-1-light-1-darker: #f3cf35;\n--color-1-light-1-r: 245;\n--color-1-light-1-g: 214;\n--color-1-light-1-b: 84;\n--color-1-light-1-contrast: black;\n--color-1-light-1-contrast-darker: black;\n--color-1-light-1-text-color: var(--body-color);\n--color-1-light-2: #f9e79b;\n--color-1-light-2-darker: #f7de75;\n--color-1-light-2-r: 249;\n--color-1-light-2-g: 231;\n--color-1-light-2-b: 155;\n--color-1-light-2-contrast: black;\n--color-1-light-2-contrast-darker: black;\n--color-1-light-2-text-color: var(--body-color);\n--color-1-light-3: #fef9e6;\n--color-1-light-3-darker: #fceeb7;\n--color-1-light-3-r: 254;\n--color-1-light-3-g: 249;\n--color-1-light-3-b: 230;\n--color-1-light-3-contrast: black;\n--color-1-light-3-contrast-darker: black;\n--color-1-light-3-text-color: var(--body-color);\n--color-2-base: #2cccc4;\n--color-2-base-darker: #28b8b0;\n--color-2-base-r: 44;\n--color-2-base-g: 204;\n--color-2-base-b: 196;\n--color-2-base-contrast: white;\n--color-2-base-contrast-darker: white;\n--color-2-base-text-color: var(--body-alt-color);\n--color-2-dark-3: #293332;\n--color-2-dark-3-darker: #252e2d;\n--color-2-dark-3-r: 41;\n--color-2-dark-3-g: 51;\n--color-2-dark-3-b: 50;\n--color-2-dark-3-contrast: white;\n--color-2-dark-3-contrast-darker: white;\n--color-2-dark-3-text-color: var(--body-alt-color);\n--color-2-dark-2: #41807c;\n--color-2-dark-2-darker: #3a7370;\n--color-2-dark-2-r: 65;\n--color-2-dark-2-g: 128;\n--color-2-dark-2-b: 124;\n--color-2-dark-2-contrast: white;\n--color-2-dark-2-contrast-darker: white;\n--color-2-dark-2-text-color: var(--body-alt-color);\n--color-2-dark-1: #2cccc4;\n--color-2-dark-1-darker: #28b8b0;\n--color-2-dark-1-r: 44;\n--color-2-dark-1-g: 204;\n--color-2-dark-1-b: 196;\n--color-2-dark-1-contrast: white;\n--color-2-dark-1-contrast-darker: white;\n--color-2-dark-1-text-color: var(--body-alt-color);\n--color-2: #3be8e0;\n--color-2-darker: #21e5dc;\n--color-2-r: 59;\n--color-2-g: 232;\n--color-2-b: 224;\n--color-2-contrast: black;\n--color-2-contrast-darker: black;\n--color-2-text-color: var(--body-color);\n--color-2-light-1: #72efe9;\n--color-2-light-1-darker: #52ebe4;\n--color-2-light-1-r: 114;\n--color-2-light-1-g: 239;\n--color-2-light-1-b: 233;\n--color-2-light-1-contrast: black;\n--color-2-light-1-contrast-darker: black;\n--color-2-light-1-text-color: var(--body-color);\n--color-2-light-2: #adf6f2;\n--color-2-light-2-darker: #87f2ec;\n--color-2-light-2-r: 173;\n--color-2-light-2-g: 246;\n--color-2-light-2-b: 242;\n--color-2-light-2-contrast: black;\n--color-2-light-2-contrast-darker: black;\n--color-2-light-2-text-color: var(--body-color);\n--color-2-light-3: #eafdfc;\n--color-2-light-3-darker: #bef9f6;\n--color-2-light-3-r: 234;\n--color-2-light-3-g: 253;\n--color-2-light-3-b: 252;\n--color-2-light-3-contrast: black;\n--color-2-light-3-contrast-darker: black;\n--color-2-light-3-text-color: var(--body-color);\n--color-3-base: #b9c1cc;\n--color-3-base-darker: #a2adbc;\n--color-3-base-r: 185;\n--color-3-base-g: 193;\n--color-3-base-b: 204;\n--color-3-base-contrast: black;\n--color-3-base-contrast-darker: white;\n--color-3-base-text-color: var(--body-color);\n--color-3-dark-3: #292d33;\n--color-3-dark-3-darker: #25292e;\n--color-3-dark-3-r: 41;\n--color-3-dark-3-g: 45;\n--color-3-dark-3-b: 51;\n--color-3-dark-3-contrast: white;\n--color-3-dark-3-contrast-darker: white;\n--color-3-dark-3-text-color: var(--body-alt-color);\n--color-3-dark-2: #555c66;\n--color-3-dark-2-darker: #4d535c;\n--color-3-dark-2-r: 85;\n--color-3-dark-2-g: 92;\n--color-3-dark-2-b: 102;\n--color-3-dark-2-contrast: white;\n--color-3-dark-2-contrast-darker: white;\n--color-3-dark-2-text-color: var(--body-alt-color);\n--color-3-dark-1: #858e99;\n--color-3-dark-1-darker: #75808c;\n--color-3-dark-1-r: 133;\n--color-3-dark-1-g: 142;\n--color-3-dark-1-b: 153;\n--color-3-dark-1-contrast: white;\n--color-3-dark-1-contrast-darker: white;\n--color-3-dark-1-text-color: var(--body-alt-color);\n--color-3: #b9c1cc;\n--color-3-darker: #a2adbc;\n--color-3-r: 185;\n--color-3-g: 193;\n--color-3-b: 204;\n--color-3-contrast: black;\n--color-3-contrast-darker: white;\n--color-3-text-color: var(--body-color);\n--color-3-light-1: #ccd3db;\n--color-3-light-1-darker: #b3bec9;\n--color-3-light-1-r: 204;\n--color-3-light-1-g: 211;\n--color-3-light-1-b: 219;\n--color-3-light-1-contrast: black;\n--color-3-light-1-contrast-darker: black;\n--color-3-light-1-text-color: var(--body-color);\n--color-3-light-2: #e0e5eb;\n--color-3-light-2-darker: #c4ced9;\n--color-3-light-2-r: 224;\n--color-3-light-2-g: 229;\n--color-3-light-2-b: 235;\n--color-3-light-2-contrast: black;\n--color-3-light-2-contrast-darker: black;\n--color-3-light-2-text-color: var(--body-color);\n--color-3-light-3: #f5f7fa;\n--color-3-light-3-darker: #d4dde9;\n--color-3-light-3-r: 245;\n--color-3-light-3-g: 247;\n--color-3-light-3-b: 250;\n--color-3-light-3-contrast: black;\n--color-3-light-3-contrast-darker: black;\n--color-3-light-3-text-color: var(--body-color);\n--color-4-base: #478ac9;\n--color-4-base-darker: #387cbd;\n--color-4-base-r: 71;\n--color-4-base-g: 138;\n--color-4-base-b: 201;\n--color-4-base-contrast: white;\n--color-4-base-contrast-darker: white;\n--color-4-base-text-color: var(--body-alt-color);\n--color-4-dark-3: #292e33;\n--color-4-dark-3-darker: #25292e;\n--color-4-dark-3-r: 41;\n--color-4-dark-3-g: 46;\n--color-4-dark-3-b: 51;\n--color-4-dark-3-contrast: white;\n--color-4-dark-3-contrast-darker: white;\n--color-4-dark-3-text-color: var(--body-alt-color);\n--color-4-dark-2: #425465;\n--color-4-dark-2-darker: #3b4c5b;\n--color-4-dark-2-r: 66;\n--color-4-dark-2-g: 84;\n--color-4-dark-2-b: 101;\n--color-4-dark-2-contrast: white;\n--color-4-dark-2-contrast-darker: white;\n--color-4-dark-2-text-color: var(--body-alt-color);\n--color-4-dark-1: #4c7397;\n--color-4-dark-1-darker: #446888;\n--color-4-dark-1-r: 76;\n--color-4-dark-1-g: 115;\n--color-4-dark-1-b: 151;\n--color-4-dark-1-contrast: white;\n--color-4-dark-1-contrast-darker: white;\n--color-4-dark-1-text-color: var(--body-alt-color);\n--color-4: #478ac9;\n--color-4-darker: #387cbd;\n--color-4-r: 71;\n--color-4-g: 138;\n--color-4-b: 201;\n--color-4-contrast: white;\n--color-4-contrast-darker: white;\n--color-4-text-color: var(--body-alt-color);\n--color-4-light-1: #77aad9;\n--color-4-light-1-darker: #5d9ad2;\n--color-4-light-1-r: 119;\n--color-4-light-1-g: 170;\n--color-4-light-1-b: 217;\n--color-4-light-1-contrast: white;\n--color-4-light-1-contrast-darker: white;\n--color-4-light-1-text-color: var(--body-alt-color);\n--color-4-light-2: #adcce9;\n--color-4-light-2-darker: #8db8e0;\n--color-4-light-2-r: 173;\n--color-4-light-2-g: 204;\n--color-4-light-2-b: 233;\n--color-4-light-2-contrast: black;\n--color-4-light-2-contrast-darker: white;\n--color-4-light-2-text-color: var(--body-color);\n--color-4-light-3: #e9f2fa;\n--color-4-light-3-darker: #c2dbf1;\n--color-4-light-3-r: 233;\n--color-4-light-3-g: 242;\n--color-4-light-3-b: 250;\n--color-4-light-3-contrast: black;\n--color-4-light-3-contrast-darker: black;\n--color-4-light-3-text-color: var(--body-color);\n--color-5-base: #db545a;\n--color-5-base-darker: #d63b42;\n--color-5-base-r: 219;\n--color-5-base-g: 84;\n--color-5-base-b: 90;\n--color-5-base-contrast: white;\n--color-5-base-contrast-darker: white;\n--color-5-base-text-color: var(--body-alt-color);\n--color-5-dark-3: #332929;\n--color-5-dark-3-darker: #2e2525;\n--color-5-dark-3-r: 51;\n--color-5-dark-3-g: 41;\n--color-5-dark-3-b: 41;\n--color-5-dark-3-contrast: white;\n--color-5-dark-3-contrast-darker: white;\n--color-5-dark-3-text-color: var(--body-alt-color);\n--color-5-dark-2: #6b4748;\n--color-5-dark-2-darker: #604041;\n--color-5-dark-2-r: 107;\n--color-5-dark-2-g: 71;\n--color-5-dark-2-b: 72;\n--color-5-dark-2-contrast: white;\n--color-5-dark-2-contrast-darker: white;\n--color-5-dark-2-text-color: var(--body-alt-color);\n--color-5-dark-1: #a35559;\n--color-5-dark-1-darker: #934c50;\n--color-5-dark-1-r: 163;\n--color-5-dark-1-g: 85;\n--color-5-dark-1-b: 89;\n--color-5-dark-1-contrast: white;\n--color-5-dark-1-contrast-darker: white;\n--color-5-dark-1-text-color: var(--body-alt-color);\n--color-5: #db545a;\n--color-5-darker: #d63b42;\n--color-5-r: 219;\n--color-5-g: 84;\n--color-5-b: 90;\n--color-5-contrast: white;\n--color-5-contrast-darker: white;\n--color-5-text-color: var(--body-alt-color);\n--color-5-light-1: #e68387;\n--color-5-light-1-darker: #e0656a;\n--color-5-light-1-r: 230;\n--color-5-light-1-g: 131;\n--color-5-light-1-b: 135;\n--color-5-light-1-contrast: white;\n--color-5-light-1-contrast-darker: white;\n--color-5-light-1-text-color: var(--body-alt-color);\n--color-5-light-2: #f1b5b8;\n--color-5-light-2-darker: #ea9296;\n--color-5-light-2-r: 241;\n--color-5-light-2-g: 181;\n--color-5-light-2-b: 184;\n--color-5-light-2-contrast: black;\n--color-5-light-2-contrast-darker: white;\n--color-5-light-2-text-color: var(--body-color);\n--color-5-light-3: #fbeced;\n--color-5-light-3-darker: #f3c4c7;\n--color-5-light-3-r: 251;\n--color-5-light-3-g: 236;\n--color-5-light-3-b: 237;\n--color-5-light-3-contrast: black;\n--color-5-light-3-contrast-darker: black;\n--color-5-light-3-text-color: var(--body-color);\n--white-contrast: var(--body-color);\n--shading-contrast: var(--body-alt-color);\n--bg-contrast: var(--body-alt-color);\n}</style><style id=\"typography\" typography=\"custom-page-typography-1\">\n        .u-body\n        {\n        --title-font-weight: 400;\n        --title-font-size: 4.5rem;\n        --title-line-height: 1.1;\n        --title-margin-top: 20px;\n        --title-margin-bottom: 20px;\n        --subtitle-font-weight: 400;\n        --subtitle-font-size: 2.25rem;\n        --subtitle-line-height: 1.1;\n        --subtitle-margin-top: 20px;\n        --subtitle-margin-bottom: 20px;\n        --h1-font-weight: 400;\n        --h1-font-size: 3rem;\n        --h1-line-height: 1.1;\n        --h1-margin-top: 20px;\n        --h1-margin-bottom: 20px;\n        --h2-font-weight: 400;\n        --h2-font-size: 2.25rem;\n        --h2-line-height: 1.1;\n        --h2-margin-top: 20px;\n        --h2-margin-bottom: 20px;\n        --h3-font-weight: 400;\n        --h3-font-size: 1.875rem;\n        --h3-line-height: 1.2;\n        --h3-margin-top: 20px;\n        --h3-margin-bottom: 20px;\n        --h4-font-weight: 400;\n        --h4-font-size: 1.5rem;\n        --h4-line-height: 1.2;\n        --h4-margin-top: 20px;\n        --h4-margin-bottom: 20px;\n        --h5-font-weight: 400;\n        --h5-font-size: 1.25rem;\n        --h5-line-height: 1.2;\n        --h5-margin-top: 20px;\n        --h5-margin-bottom: 20px;\n        --h6-font-weight: 400;\n        --h6-font-size: 1.125rem;\n        --h6-line-height: 1.2;\n        --h6-margin-top: 20px;\n        --h6-margin-bottom: 20px;\n        --largeText-font-size: 1.25rem;\n        --largeText-margin-top: 20px;\n        --largeText-margin-bottom: 20px;\n        --smallText-font-size: 0.875rem;\n        --smallText-margin-top: 20px;\n        --smallText-margin-bottom: 20px;\n        --text-margin-top: 20px;\n        --text-margin-bottom: 20px;\n        --hyperlink-color: var(--palette-1-base);\n        --hyperlink-alt-text-color: var(--palette-1-light-2);\n        --hyperlink-hover-color: var(--palette-1-base-darker);\n        --hyperlink-hover-alt-text-color: var(--grey-30-darker);\n        --button-margin-top: 20px;\n        --button-margin-bottom: 20px;\n        --button-background-color: var(--palette-1-base);\n        --button-color: var(--white);\n        --button-alt-background-color: var(--palette-1-light-2);\n        --button-alt-color: var(--black);\n        --button-hover-background-color: var(--palette-1-base-darker);\n        --button-hover-color: var(--white-darker);\n        --button-hover-alt-background-color: var(--palette-1-light-2-darker);\n        --button-hover-alt-color: var(--white);\n        --button-hover-background-color: var(--palette-1-base-darker);\n        --button-hover-color: var(--white-darker);\n        --button-hover-alt-background-color: var(--palette-1-light-2-darker);\n        --button-hover-alt-color: var(--white);\n        --button-active-background-color: var(--palette-1-base-darker);\n        --button-active-color: var(--white-darker);\n        --button-active-alt-background-color: var(--palette-1-light-2-darker);\n        --button-active-alt-color: var(--white);\n        --blockquote-font-style: italic;\n        --blockquote-padding-left: 20px;\n        --blockquote-border-width: 4px;\n        --blockquote-border-color: var(--palette-1-base);\n        --blockquote-margin-top: 20px;\n        --blockquote-margin-bottom: 20px;\n        --metadata-margin-top: 20px;\n        --metadata-margin-bottom: 20px;\n        --list-margin-top: 20px;\n        --list-margin-bottom: 20px;\n        --orderedlist-margin-top: 20px;\n        --orderedlist-margin-bottom: 20px;\n        --postContent-margin-top: 20px;\n        --postContent-margin-bottom: 20px;\n        --theme-sheet-width-xl: 1140px;\n        --theme-sheet-width-lg: 940px;\n        --theme-sheet-width-md: 720px;\n        --theme-sheet-width-sm: 540px;\n        --theme-sheet-width-xs: 340px;\n        --theme-background-attachment: fixed;\n        --title-font-size-sm: 3.75rem;\n        --title-font-size-xs: 3rem;\n        --subtitle-font-size-xs: 1.5rem;\n        --h1-font-size-xs: 1.875rem;\n        --h2-font-size-xs: 1.5rem;\n        --h3-font-size-xs: 1.5rem;\n        }\n\n        /** common-rules **/\n        h1.u-title\n        {\n        font-weight: var(--title-font-weight);\n        font-size: var(--title-font-size);\n        line-height: var(--title-line-height);\n        margin-top: var(--title-margin-top);\n        margin-bottom: var(--title-margin-bottom);\n        }\n        h2.u-subtitle\n        {\n        font-weight: var(--subtitle-font-weight);\n        font-size: var(--subtitle-font-size);\n        line-height: var(--subtitle-line-height);\n        margin-top: var(--subtitle-margin-top);\n        margin-bottom: var(--subtitle-margin-bottom);\n        }\n        h1:not(.u-title)\n        {\n        font-weight: var(--h1-font-weight);\n        font-size: var(--h1-font-size);\n        line-height: var(--h1-line-height);\n        margin-top: var(--h1-margin-top);\n        margin-bottom: var(--h1-margin-bottom);\n        }\n        h2:not(.u-subtitle)\n        {\n        font-weight: var(--h2-font-weight);\n        font-size: var(--h2-font-size);\n        line-height: var(--h2-line-height);\n        margin-top: var(--h2-margin-top);\n        margin-bottom: var(--h2-margin-bottom);\n        }\n        h3\n        {\n        font-weight: var(--h3-font-weight);\n        font-size: var(--h3-font-size);\n        line-height: var(--h3-line-height);\n        margin-top: var(--h3-margin-top);\n        margin-bottom: var(--h3-margin-bottom);\n        }\n        h4\n        {\n        font-weight: var(--h4-font-weight);\n        font-size: var(--h4-font-size);\n        line-height: var(--h4-line-height);\n        margin-top: var(--h4-margin-top);\n        margin-bottom: var(--h4-margin-bottom);\n        }\n        h5\n        {\n        font-weight: var(--h5-font-weight);\n        font-size: var(--h5-font-size);\n        line-height: var(--h5-line-height);\n        margin-top: var(--h5-margin-top);\n        margin-bottom: var(--h5-margin-bottom);\n        }\n        h6\n        {\n        font-weight: var(--h6-font-weight);\n        font-size: var(--h6-font-size);\n        line-height: var(--h6-line-height);\n        margin-top: var(--h6-margin-top);\n        margin-bottom: var(--h6-margin-bottom);\n        }\n        p.u-large-text\n        {\n        font-size: var(--largeText-font-size);\n        margin-top: var(--largeText-margin-top);\n        margin-bottom: var(--largeText-margin-bottom);\n        }\n        p.u-small-text\n        {\n        font-size: var(--smallText-font-size);\n        margin-top: var(--smallText-margin-top);\n        margin-bottom: var(--smallText-margin-bottom);\n        }\n        p:not(.u-text-variant)\n        {\n        margin-top: var(--text-margin-top);\n        margin-bottom: var(--text-margin-bottom);\n        }\n        .u-btn\n        {\n        margin-top: var(--button-margin-top);\n        margin-bottom: var(--button-margin-bottom);\n        }\n        blockquote\n        {\n        font-style: var(--blockquote-font-style);\n        padding-left: var(--blockquote-padding-left);\n        border-width: var(--blockquote-border-width);\n        margin-top: var(--blockquote-margin-top);\n        margin-bottom: var(--blockquote-margin-bottom);\n        }\n        .u-metadata\n        {\n        margin-top: var(--metadata-margin-top);\n        margin-bottom: var(--metadata-margin-bottom);\n        }\n        ul:not(.u-unstyled)\n        {\n        margin-top: var(--list-margin-top);\n        margin-bottom: var(--list-margin-bottom);\n        }\n        ol\n        {\n        margin-top: var(--orderedlist-margin-top);\n        margin-bottom: var(--orderedlist-margin-bottom);\n        }\n        .u-post-content\n        {\n        margin-top: var(--postContent-margin-top);\n        margin-bottom: var(--postContent-margin-bottom);\n        }\n        .u-body\n        {\n        background-attachment: var(--theme-background-attachment);\n        }\n        /** common-rules **/\n\n        /** publish-rules **/\n        /*begin-media rules*/\n        @media (max-width: 767px) {\n        h1.u-title\n        {\n        font-size: var(--title-font-size-sm);\n        }\n        }\n        @media (max-width: 575px) {\n        h1.u-title\n        {\n        font-size: var(--title-font-size-xs);\n        }\n        }\n        @media (max-width: 575px) {\n        h2.u-subtitle\n        {\n        font-size: var(--subtitle-font-size-xs);\n        }\n        }\n        @media (max-width: 575px) {\n        h1:not(.u-title)\n        {\n        font-size: var(--h1-font-size-xs);\n        }\n        }\n        @media (max-width: 575px) {\n        h2:not(.u-subtitle)\n        {\n        font-size: var(--h2-font-size-xs);\n        }\n        }\n        @media (max-width: 575px) {\n        h3\n        {\n        font-size: var(--h3-font-size-xs);\n        }\n        }\n        /*end-media rules*/\n        /** publish-rules **/\n\n        \n\n        /** cms-rules **/\n        /*begin-responsive rules*/\n        .u-sm h1.u-title\n        {\n        font-size: var(--title-font-size-sm);\n        }\n        .u-xs h1.u-title\n        {\n        font-size: var(--title-font-size-xs);\n        }\n        .u-xs h2.u-subtitle\n        {\n        font-size: var(--subtitle-font-size-xs);\n        }\n        .u-xs h1:not(.u-title)\n        {\n        font-size: var(--h1-font-size-xs);\n        }\n        .u-xs h2:not(.u-subtitle)\n        {\n        font-size: var(--h2-font-size-xs);\n        }\n        .u-xs h3\n        {\n        font-size: var(--h3-font-size-xs);\n        }\n        /*end-responsive rules*/\n        /** cms-rules **/\n\n        /** color-rules **/\n        .u-overlap.u-overlap-transparent:not(.u-overlap-contrast) .u-header :not(.u-nav-item) > a,\n        .u-gradient > .u-container-layout > a,\n        .u-image:not(.u-shading) > .u-container-layout > a,\n        a\n        {\n        color: var(--hyperlink-color);\n        }\n        .u-overlap.u-overlap-transparent:not(.u-overlap-contrast) .u-header :not(.u-nav-item) > a:hover,\n        .u-gradient > .u-container-layout > a:hover,\n        .u-image:not(.u-shading) > .u-container-layout > a:hover,\n        a:hover\n        {\n        color: var(--hyperlink-hover-color);\n        }\n        .u-overlap.u-overlap-transparent:not(.u-overlap-contrast) .u-header :not(.u-nav-item) > .u-btn,\n        .u-gradient > .u-container-layout > .u-btn,\n        .u-image:not(.u-shading) > .u-container-layout > .u-btn,\n        .u-btn\n        {\n        background-color: var(--button-background-color);\n        color: var(--button-color);\n        }\n        .u-overlap.u-overlap-transparent:not(.u-overlap-contrast) .u-header :not(.u-nav-item) > .u-btn:hover,\n        .u-gradient > .u-container-layout > .u-btn:hover,\n        .u-image:not(.u-shading) > .u-container-layout > .u-btn:hover,\n        .u-btn:hover\n        {\n        background-color: var(--button-hover-background-color);\n        color: var(--button-hover-color);\n        }\n        .u-overlap.u-overlap-transparent:not(.u-overlap-contrast) .u-header :not(.u-nav-item) > .u-btn:focus,\n        .u-gradient > .u-container-layout > .u-btn:focus,\n        .u-image:not(.u-shading) > .u-container-layout > .u-btn:focus,\n        .u-btn:focus\n        {\n        background-color: var(--button-hover-background-color);\n        color: var(--button-hover-color);\n        }\n        .u-overlap.u-overlap-transparent:not(.u-overlap-contrast) .u-header :not(.u-nav-item) > .u-btn:active,\n        .u-gradient > .u-container-layout > .u-btn:active,\n        .u-image:not(.u-shading) > .u-container-layout > .u-btn:active,\n        .u-btn:active\n        {\n        background-color: var(--button-active-background-color);\n        color: var(--button-active-color);\n        }\n        .u-overlap.u-overlap-transparent:not(.u-overlap-contrast) .u-header :not(.u-nav-item) > blockquote,\n        .u-gradient > .u-container-layout > blockquote,\n        .u-image:not(.u-shading) > .u-container-layout > blockquote,\n        blockquote\n        {\n        border-color: var(--blockquote-border-color);\n        }\n        /** color-rules **/\n\n        /** alt-color-rules **/\n        .u-body-color a,.u-bg-color a,.u-palette-1-base a,.u-palette-1-dark-3 a,.u-palette-1-dark-2 a,.u-palette-1-dark-1 a,.u-palette-1 a,.u-palette-1-light-1 a,.u-palette-2-base a,.u-palette-2-dark-3 a,.u-palette-2-dark-2 a,.u-palette-2-dark-1 a,.u-palette-2 a,.u-palette-2-light-1 a,.u-palette-3-dark-3 a,.u-palette-3-dark-2 a,.u-palette-3-dark-1 a,.u-palette-4-base a,.u-palette-4-dark-3 a,.u-palette-4-dark-2 a,.u-palette-4-dark-1 a,.u-palette-5-dark-3 a,.u-palette-5-dark-2 a,.u-palette-5-dark-1 a,.u-grey-40 a,.u-grey-30 a,.u-grey-90 a,.u-grey-80 a,.u-grey-75 a,.u-black a,.u-grey-70 a,.u-grey-60 a,.u-grey-50 a,.u-grey-dark-3 a,.u-grey-dark-2 a,.u-grey-dark-1 a,.u-grey a,.u-shading a,.u-overlap-contrast .u-header a:not(.u-nav-link):not(.u-btn)\n        {\n        color: var(--hyperlink-alt-text-color);\n        }\n        .u-body-color a:hover,.u-bg-color a:hover,.u-palette-1-base a:hover,.u-palette-1-dark-3 a:hover,.u-palette-1-dark-2 a:hover,.u-palette-1-dark-1 a:hover,.u-palette-1 a:hover,.u-palette-1-light-1 a:hover,.u-palette-2-base a:hover,.u-palette-2-dark-3 a:hover,.u-palette-2-dark-2 a:hover,.u-palette-2-dark-1 a:hover,.u-palette-2 a:hover,.u-palette-2-light-1 a:hover,.u-palette-3-dark-3 a:hover,.u-palette-3-dark-2 a:hover,.u-palette-3-dark-1 a:hover,.u-palette-4-base a:hover,.u-palette-4-dark-3 a:hover,.u-palette-4-dark-2 a:hover,.u-palette-4-dark-1 a:hover,.u-palette-5-dark-3 a:hover,.u-palette-5-dark-2 a:hover,.u-palette-5-dark-1 a:hover,.u-grey-40 a:hover,.u-grey-30 a:hover,.u-grey-90 a:hover,.u-grey-80 a:hover,.u-grey-75 a:hover,.u-black a:hover,.u-grey-70 a:hover,.u-grey-60 a:hover,.u-grey-50 a:hover,.u-grey-dark-3 a:hover,.u-grey-dark-2 a:hover,.u-grey-dark-1 a:hover,.u-grey a:hover\n        {\n        color: var(--hyperlink-hover-alt-text-color);\n        }\n        .u-body-color .u-btn,.u-bg-color .u-btn,.u-palette-1-base .u-btn,.u-palette-1-dark-3 .u-btn,.u-palette-1-dark-2 .u-btn,.u-palette-1-dark-1 .u-btn,.u-palette-1 .u-btn,.u-palette-1-light-1 .u-btn,.u-palette-2-base .u-btn,.u-palette-2-dark-3 .u-btn,.u-palette-2-dark-2 .u-btn,.u-palette-2-dark-1 .u-btn,.u-palette-2 .u-btn,.u-palette-2-light-1 .u-btn,.u-palette-3-dark-3 .u-btn,.u-palette-3-dark-2 .u-btn,.u-palette-3-dark-1 .u-btn,.u-palette-4-base .u-btn,.u-palette-4-dark-3 .u-btn,.u-palette-4-dark-2 .u-btn,.u-palette-4-dark-1 .u-btn,.u-palette-5-dark-3 .u-btn,.u-palette-5-dark-2 .u-btn,.u-palette-5-dark-1 .u-btn,.u-grey-40 .u-btn,.u-grey-30 .u-btn,.u-grey-90 .u-btn,.u-grey-80 .u-btn,.u-grey-75 .u-btn,.u-black .u-btn,.u-grey-70 .u-btn,.u-grey-60 .u-btn,.u-grey-50 .u-btn,.u-grey-dark-3 .u-btn,.u-grey-dark-2 .u-btn,.u-grey-dark-1 .u-btn,.u-grey .u-btn,.u-shading .u-btn,.u-overlap-contrast .u-header .u-btn\n        {\n        background-color: var(--button-alt-background-color);\n        color: var(--button-alt-color);\n        }\n        .u-body-color .u-btn:hover,.u-bg-color .u-btn:hover,.u-palette-1-base .u-btn:hover,.u-palette-1-dark-3 .u-btn:hover,.u-palette-1-dark-2 .u-btn:hover,.u-palette-1-dark-1 .u-btn:hover,.u-palette-1 .u-btn:hover,.u-palette-1-light-1 .u-btn:hover,.u-palette-2-base .u-btn:hover,.u-palette-2-dark-3 .u-btn:hover,.u-palette-2-dark-2 .u-btn:hover,.u-palette-2-dark-1 .u-btn:hover,.u-palette-2 .u-btn:hover,.u-palette-2-light-1 .u-btn:hover,.u-palette-3-dark-3 .u-btn:hover,.u-palette-3-dark-2 .u-btn:hover,.u-palette-3-dark-1 .u-btn:hover,.u-palette-4-base .u-btn:hover,.u-palette-4-dark-3 .u-btn:hover,.u-palette-4-dark-2 .u-btn:hover,.u-palette-4-dark-1 .u-btn:hover,.u-palette-5-dark-3 .u-btn:hover,.u-palette-5-dark-2 .u-btn:hover,.u-palette-5-dark-1 .u-btn:hover,.u-grey-40 .u-btn:hover,.u-grey-30 .u-btn:hover,.u-grey-90 .u-btn:hover,.u-grey-80 .u-btn:hover,.u-grey-75 .u-btn:hover,.u-black .u-btn:hover,.u-grey-70 .u-btn:hover,.u-grey-60 .u-btn:hover,.u-grey-50 .u-btn:hover,.u-grey-dark-3 .u-btn:hover,.u-grey-dark-2 .u-btn:hover,.u-grey-dark-1 .u-btn:hover,.u-grey .u-btn:hover,.u-shading .u-btn:hover,.u-overlap-contrast .u-header .u-btn:hover\n        {\n        background-color: var(--button-hover-alt-background-color);\n        color: var(--button-hover-alt-color);\n        }\n        .u-body-color .u-btn:active,.u-bg-color .u-btn:active,.u-palette-1-base .u-btn:active,.u-palette-1-dark-3 .u-btn:active,.u-palette-1-dark-2 .u-btn:active,.u-palette-1-dark-1 .u-btn:active,.u-palette-1 .u-btn:active,.u-palette-1-light-1 .u-btn:active,.u-palette-2-base .u-btn:active,.u-palette-2-dark-3 .u-btn:active,.u-palette-2-dark-2 .u-btn:active,.u-palette-2-dark-1 .u-btn:active,.u-palette-2 .u-btn:active,.u-palette-2-light-1 .u-btn:active,.u-palette-3-dark-3 .u-btn:active,.u-palette-3-dark-2 .u-btn:active,.u-palette-3-dark-1 .u-btn:active,.u-palette-4-base .u-btn:active,.u-palette-4-dark-3 .u-btn:active,.u-palette-4-dark-2 .u-btn:active,.u-palette-4-dark-1 .u-btn:active,.u-palette-5-dark-3 .u-btn:active,.u-palette-5-dark-2 .u-btn:active,.u-palette-5-dark-1 .u-btn:active,.u-grey-40 .u-btn:active,.u-grey-30 .u-btn:active,.u-grey-90 .u-btn:active,.u-grey-80 .u-btn:active,.u-grey-75 .u-btn:active,.u-black .u-btn:active,.u-grey-70 .u-btn:active,.u-grey-60 .u-btn:active,.u-grey-50 .u-btn:active,.u-grey-dark-3 .u-btn:active,.u-grey-dark-2 .u-btn:active,.u-grey-dark-1 .u-btn:active,.u-grey .u-btn:active,.u-shading .u-btn:active,.u-overlap-contrast .u-header .u-btn:active\n        {\n        background-color: var(--button-active-alt-background-color);\n        color: var(--button-active-alt-color);\n        }\n        /** alt-color-rules **/\n    </style><style id=\"font-scheme\" font-scheme=\"Roboto-OpenSans\" heading-font=\"Roboto,sans-serif\" text-font=\"'Open Sans',sans-serif\">.u-body {\n   --text-font: 'Open Sans',sans-serif;\n   --heading-font: Roboto,sans-serif;\n}</style>","appVersion":"5.4.4","publicUrl":null,"customDomainUrl":null,"datePublished":null,"isTrial":true,"serverSiteId":0}